Workbook

Sheet Dashboard
A1: Interview prep tracker
A2: Starts 11 Oct 2026. Amazon and Microsoft, SDE-2. Fill in the yellow cells on the other tabs; this page updates itself.
A4: Metric | B4: Done | C4: Target | D4: Progress | F4: Topic | G4: When | H4: 150 solved | I4: 150 total | J4: 250 solved | K4: 250 total
A5: NeetCode 150 solved (core goal) | B5: =COUNTIFS('DSA Problems'!G2:G251,"NeetCode 150",'DSA Problems'!H2:H251,"Solved") -> 0 | C5: 150 | D5: =IFERROR(B5/C5,0) -> 0 | F5: Arrays & Hashing | G5: Week 1 (quick pass) | H5: =COUNTIFS('DSA Problems'!B2:B251,F5,'DSA Problems'!G2:G251,"NeetCode 150",'DSA Problems'!H2:H251,"Solved") -> 0 | I5: =COUNTIFS('DSA Problems'!B2:B251,F5,'DSA Problems'!G2:G251,"NeetCode 150") -> 9 | J5: =COUNTIFS('DSA Problems'!B2:B251,F5,'DSA Problems'!H2:H251,"Solved") -> 0 | K5: =COUNTIF('DSA Problems'!B2:B251,F5) -> 22
A6: NeetCode 250 solved (stretch) | B6: =COUNTIF('DSA Problems'!H2:H251,"Solved") -> 0 | C6: 250 | D6: =IFERROR(B6/C6,0) -> 0 | F6: Two Pointers | G6: Week 1 | H6: =COUNTIFS('DSA Problems'!B2:B251,F6,'DSA Problems'!G2:G251,"NeetCode 150",'DSA Problems'!H2:H251,"Solved") -> 0 | I6: =COUNTIFS('DSA Problems'!B2:B251,F6,'DSA Problems'!G2:G251,"NeetCode 150") -> 5 | J6: =COUNTIFS('DSA Problems'!B2:B251,F6,'DSA Problems'!H2:H251,"Solved") -> 0 | K6: =COUNTIF('DSA Problems'!B2:B251,F6) -> 13
A7: Marked to revisit | B7: =COUNTIF('DSA Problems'!H2:H251,"Revisit") -> 0 | F7: Sliding Window | G7: Week 1 | H7: =COUNTIFS('DSA Problems'!B2:B251,F7,'DSA Problems'!G2:G251,"NeetCode 150",'DSA Problems'!H2:H251,"Solved") -> 0 | I7: =COUNTIFS('DSA Problems'!B2:B251,F7,'DSA Problems'!G2:G251,"NeetCode 150") -> 6 | J7: =COUNTIFS('DSA Problems'!B2:B251,F7,'DSA Problems'!H2:H251,"Solved") -> 0 | K7: =COUNTIF('DSA Problems'!B2:B251,F7) -> 9
A8: Problems logged in Daily Log | B8: =SUM('Daily Log'!O2:O93) -> 0 | F8: Stack | G8: Week 1 | H8: =COUNTIFS('DSA Problems'!B2:B251,F8,'DSA Problems'!G2:G251,"NeetCode 150",'DSA Problems'!H2:H251,"Solved") -> 0 | I8: =COUNTIFS('DSA Problems'!B2:B251,F8,'DSA Problems'!G2:G251,"NeetCode 150") -> 7 | J8: =COUNTIFS('DSA Problems'!B2:B251,F8,'DSA Problems'!H2:H251,"Solved") -> 0 | K8: =COUNTIF('DSA Problems'!B2:B251,F8) -> 15
A9: Gen AI course hours | B9: =SUM('Daily Log'!P2:P93) -> 0 | C9: 70 | D9: =IFERROR(B9/C9,0) -> 0 | F9: Binary Search | G9: Week 2 | H9: =COUNTIFS('DSA Problems'!B2:B251,F9,'DSA Problems'!G2:G251,"NeetCode 150",'DSA Problems'!H2:H251,"Solved") -> 0 | I9: =COUNTIFS('DSA Problems'!B2:B251,F9,'DSA Problems'!G2:G251,"NeetCode 150") -> 7 | J9: =COUNTIFS('DSA Problems'!B2:B251,F9,'DSA Problems'!H2:H251,"Solved") -> 0 | K9: =COUNTIF('DSA Problems'!B2:B251,F9) -> 14
A10: Plan topics completed | B10: =COUNTIF('Weekly Plan'!F2:F54,"Yes") -> 0 | C10: =COUNTA('Weekly Plan'!D2:D54) -> 53 | D10: =IFERROR(B10/C10,0) -> 0 | F10: Linked List | G10: Week 2 | H10: =COUNTIFS('DSA Problems'!B2:B251,F10,'DSA Problems'!G2:G251,"NeetCode 150",'DSA Problems'!H2:H251,"Solved") -> 0 | I10: =COUNTIFS('DSA Problems'!B2:B251,F10,'DSA Problems'!G2:G251,"NeetCode 150") -> 11 | J10: =COUNTIFS('DSA Problems'!B2:B251,F10,'DSA Problems'!H2:H251,"Solved") -> 0 | K10: =COUNTIF('DSA Problems'!B2:B251,F10) -> 14
A11: DSA topics | B11: =COUNTIFS('Weekly Plan'!C2:C54,"DSA",'Weekly Plan'!F2:F54,"Yes") -> 0 | C11: =COUNTIF('Weekly Plan'!C2:C54,"DSA") -> 22 | D11: =IFERROR(B11/C11,0) -> 0 | F11: Trees | G11: Week 3 | H11: =COUNTIFS('DSA Problems'!B2:B251,F11,'DSA Problems'!G2:G251,"NeetCode 150",'DSA Problems'!H2:H251,"Solved") -> 0 | I11: =COUNTIFS('DSA Problems'!B2:B251,F11,'DSA Problems'!G2:G251,"NeetCode 150") -> 15 | J11: =COUNTIFS('DSA Problems'!B2:B251,F11,'DSA Problems'!H2:H251,"Solved") -> 0 | K11: =COUNTIF('DSA Problems'!B2:B251,F11) -> 23
A12: HLD topics | B12: =COUNTIFS('Weekly Plan'!C2:C54,"HLD",'Weekly Plan'!F2:F54,"Yes") -> 0 | C12: =COUNTIF('Weekly Plan'!C2:C54,"HLD") -> 17 | D12: =IFERROR(B12/C12,0) -> 0 | F12: Heap / Priority Queue | G12: Week 4 | H12: =COUNTIFS('DSA Problems'!B2:B251,F12,'DSA Problems'!G2:G251,"NeetCode 150",'DSA Problems'!H2:H251,"Solved") -> 0 | I12: =COUNTIFS('DSA Problems'!B2:B251,F12,'DSA Problems'!G2:G251,"NeetCode 150") -> 7 | J12: =COUNTIFS('DSA Problems'!B2:B251,F12,'DSA Problems'!H2:H251,"Solved") -> 0 | K12: =COUNTIF('DSA Problems'!B2:B251,F12) -> 12
A13: LLD topics | B13: =COUNTIFS('Weekly Plan'!C2:C54,"LLD",'Weekly Plan'!F2:F54,"Yes") -> 0 | C13: =COUNTIF('Weekly Plan'!C2:C54,"LLD") -> 14 | D13: =IFERROR(B13/C13,0) -> 0 | F13: Tries | G13: Week 4 | H13: =COUNTIFS('DSA Problems'!B2:B251,F13,'DSA Problems'!G2:G251,"NeetCode 150",'DSA Problems'!H2:H251,"Solved") -> 0 | I13: =COUNTIFS('DSA Problems'!B2:B251,F13,'DSA Problems'!G2:G251,"NeetCode 150") -> 3 | J13: =COUNTIFS('DSA Problems'!B2:B251,F13,'DSA Problems'!H2:H251,"Solved") -> 0 | K13: =COUNTIF('DSA Problems'!B2:B251,F13) -> 4
A14: Behavioral stories written | B14: =COUNTIF(Milestones!C13:C24,"Yes") -> 0 | C14: 12 | D14: =IFERROR(B14/C14,0) -> 0 | F14: Backtracking | G14: Week 4 | H14: =COUNTIFS('DSA Problems'!B2:B251,F14,'DSA Problems'!G2:G251,"NeetCode 150",'DSA Problems'!H2:H251,"Solved") -> 0 | I14: =COUNTIFS('DSA Problems'!B2:B251,F14,'DSA Problems'!G2:G251,"NeetCode 150") -> 9 | J14: =COUNTIFS('DSA Problems'!B2:B251,F14,'DSA Problems'!H2:H251,"Solved") -> 0 | K14: =COUNTIF('DSA Problems'!B2:B251,F14) -> 16
A15: Milestones and checkpoints | B15: =COUNTIF(Milestones!C2:C10,"Yes") -> 0 | C15: =COUNTA(Milestones!B2:B10) -> 9 | D15: =IFERROR(B15/C15,0) -> 0 | F15: Graphs | G15: Week 5 | H15: =COUNTIFS('DSA Problems'!B2:B251,F15,'DSA Problems'!G2:G251,"NeetCode 150",'DSA Problems'!H2:H251,"Solved") -> 0 | I15: =COUNTIFS('DSA Problems'!B2:B251,F15,'DSA Problems'!G2:G251,"NeetCode 150") -> 13 | J15: =COUNTIFS('DSA Problems'!B2:B251,F15,'DSA Problems'!H2:H251,"Solved") -> 0 | K15: =COUNTIF('DSA Problems'!B2:B251,F15) -> 21
A16: Study slots completed | B16: =SUM('Daily Log'!M2:M93) -> 0 | C16: =SUM('Daily Log'!N2:N93) -> 484 | D16: =IFERROR(B16/C16,0) -> 0 | F16: Advanced Graphs | G16: Week 5 | H16: =COUNTIFS('DSA Problems'!B2:B251,F16,'DSA Problems'!G2:G251,"NeetCode 150",'DSA Problems'!H2:H251,"Solved") -> 0 | I16: =COUNTIFS('DSA Problems'!B2:B251,F16,'DSA Problems'!G2:G251,"NeetCode 150") -> 6 | J16: =COUNTIFS('DSA Problems'!B2:B251,F16,'DSA Problems'!H2:H251,"Solved") -> 0 | K16: =COUNTIF('DSA Problems'!B2:B251,F16) -> 10
F17: 1-D Dynamic Programming | G17: Week 6 | H17: =COUNTIFS('DSA Problems'!B2:B251,F17,'DSA Problems'!G2:G251,"NeetCode 150",'DSA Problems'!H2:H251,"Solved") -> 0 | I17: =COUNTIFS('DSA Problems'!B2:B251,F17,'DSA Problems'!G2:G251,"NeetCode 150") -> 12 | J17: =COUNTIFS('DSA Problems'!B2:B251,F17,'DSA Problems'!H2:H251,"Solved") -> 0 | K17: =COUNTIF('DSA Problems'!B2:B251,F17) -> 17
A18: Schedule (auto-adjusts for days off) | B18: Value | F18: 2-D Dynamic Programming | G18: Week 7 | H18: =COUNTIFS('DSA Problems'!B2:B251,F18,'DSA Problems'!G2:G251,"NeetCode 150",'DSA Problems'!H2:H251,"Solved") -> 0 | I18: =COUNTIFS('DSA Problems'!B2:B251,F18,'DSA Problems'!G2:G251,"NeetCode 150") -> 11 | J18: =COUNTIFS('DSA Problems'!B2:B251,F18,'DSA Problems'!H2:H251,"Solved") -> 0 | K18: =COUNTIF('DSA Problems'!B2:B251,F18) -> 16
A19: Days to Databricks DE exam (23 Oct) | B19: =MAX(0,DATE(2026,10,23)-TODAY()) -> 11 | F19: Greedy | G19: Week 7 | H19: =COUNTIFS('DSA Problems'!B2:B251,F19,'DSA Problems'!G2:G251,"NeetCode 150",'DSA Problems'!H2:H251,"Solved") -> 0 | I19: =COUNTIFS('DSA Problems'!B2:B251,F19,'DSA Problems'!G2:G251,"NeetCode 150") -> 8 | J19: =COUNTIFS('DSA Problems'!B2:B251,F19,'DSA Problems'!H2:H251,"Solved") -> 0 | K19: =COUNTIF('DSA Problems'!B2:B251,F19) -> 14
A20: Interview-ready date | B20: =INDEX('Daily Log'!$A$2:$A$93,MATCH(52,'Daily Log'!$D$2:$D$93,0)) -> 46357 | F20: Intervals | G20: Week 7 | H20: =COUNTIFS('DSA Problems'!B2:B251,F20,'DSA Problems'!G2:G251,"NeetCode 150",'DSA Problems'!H2:H251,"Solved") -> 0 | I20: =COUNTIFS('DSA Problems'!B2:B251,F20,'DSA Problems'!G2:G251,"NeetCode 150") -> 6 | J20: =COUNTIFS('DSA Problems'!B2:B251,F20,'DSA Problems'!H2:H251,"Solved") -> 0 | K20: =COUNTIF('DSA Problems'!B2:B251,F20) -> 7
A21: Days to interview-ready | B21: =MAX(0,INDEX('Daily Log'!$A$2:$A$93,MATCH(52,'Daily Log'!$D$2:$D$93,0))-TODAY()) -> 50 | F21: Math & Geometry | G21: Week 8 or stretch | H21: =COUNTIFS('DSA Problems'!B2:B251,F21,'DSA Problems'!G2:G251,"NeetCode 150",'DSA Problems'!H2:H251,"Solved") -> 0 | I21: =COUNTIFS('DSA Problems'!B2:B251,F21,'DSA Problems'!G2:G251,"NeetCode 150") -> 8 | J21: =COUNTIFS('DSA Problems'!B2:B251,F21,'DSA Problems'!H2:H251,"Solved") -> 0 | K21: =COUNTIF('DSA Problems'!B2:B251,F21) -> 13
A22: Plan finishes (end of week 8) | B22: =INDEX('Daily Log'!$A$2:$A$93,MATCH(57,'Daily Log'!$D$2:$D$93,0)) -> 46362 | F22: Bit Manipulation | G22: Week 8 or stretch | H22: =COUNTIFS('DSA Problems'!B2:B251,F22,'DSA Problems'!G2:G251,"NeetCode 150",'DSA Problems'!H2:H251,"Solved") -> 0 | I22: =COUNTIFS('DSA Problems'!B2:B251,F22,'DSA Problems'!G2:G251,"NeetCode 150") -> 7 | J22: =COUNTIFS('DSA Problems'!B2:B251,F22,'DSA Problems'!H2:H251,"Solved") -> 0 | K22: =COUNTIF('DSA Problems'!B2:B251,F22) -> 10
A23: Days off taken | B23: =COUNTIF('Daily Log'!C2:C93,"Yes") -> 0
A24: Current week of plan | B24: =IFERROR(INDEX('Daily Log'!E2:E93,MATCH(TODAY(),'Daily Log'!A2:A93,0)),0) -> 1
A25: Problems needed per day to hit 150 | B25: =IFERROR(ROUNDUP(MAX(0,150-B5)/MAX(1,INDEX('Daily Log'!$A$2:$A$93,MATCH(52,'Daily Log'!$D$2:$D$93,0))-TODAY()),1),0) -> 3
A27: How to use
A28: • Yellow cells are yours to fill in. Everything else is calculated.
A29: • Daily Log: pick Yes or No from the dropdown for each slot, and type problems solved and Gen AI hours (use 0.5 steps, e.g. 1.5). Today's row is highlighted.
A30: • Problems solved turns green at 3 or more (the daily target) and orange at 1–2.
A31: • Travelling or unable to study? In Daily Log, set Day off? to Yes for that date (you can mark future dates in advance). Weeks, checkpoints, milestones and your interview-ready date all shift forward automatically. The log runs to 10 Jan for spare days.
A32: • Grey cells marked — are not planned for that day (weekend routine).
A33: • Weekly Plan: weeks 1–3 are concept learning for HLD and LLD; full designs start in week 4.
A34: • Milestones: mark key dates and checkpoints done, and write one line per behavioral story.
A35: • DSA Problems: all 250 NeetCode problems, with the NeetCode 150 listed first in each topic. Set Status to Solved or Revisit; filter by List to see only the 150.
A36: • Targets: 150 problems is the core goal. The stretch row tracks progress toward 250.

Sheet Daily Log
A1: Date | B1: Day | C1: Day off? | D1: Study day | E1: Week | F1: Today's plan | G1: DSA morning | H1: System design | I1: Gen AI | J1: DSA night | K1: 10–11 pm slot | L1: Review | M1: Slots done | N1: Slots planned | O1: Problems solved (target 3) | P1: Gen AI hours | Q1: Mistakes log / notes
A2: 46306 | B2: Sun | D2: =IF(C2="Yes","",ROW()-1-COUNTIF($C$2:C2,"Yes")) -> 1 | E2: =IF(C2="Yes","",IF(D2>57,"Buffer",MIN(8,INT((D2-1)/7)+1))) -> 1 | F2: =IF(C2="Yes","Day off: the plan shifts forward one day",IF(D2>57,"Buffer: revision, weak topics, mock interviews",IF(D2=1,"Kickoff: two pointers basics + 2 easy problems · HLD intro (client-server, scaling) · Set up NeetCode list and notes",IF(WEEKDAY(A2,2)=6,"Contest or timed mock · "&IF(E2<=3,"Revise 2 HLD concepts","2 full HLD designs")&" · Deep dive (Kafka, hashing...) · Gen AI catch-up",IF(WEEKDAY(A2,2)=7,"Re-solve the week’s hardest · "&IF(E2<=3,"Revise LLD concepts","1 LLD design")&" · Read mistakes log · Half day off","DSA 10:10 · "&IF(MOD(WEEKDAY(A2,2),2)=1,"HLD","LLD")&IF(E2<=3," concepts"," design")&" 3:30 · Gen AI 5:30 · DSA 8:00 · "&IF(A2<DATE(2026,10,23),"DE practice exam",IF(A2=DATE(2026,10,23),"DATABRICKS EXAM DAY","Behavioral story + Gen AI hands-on"))&" · Review"))))) -> Kickoff: two pointers basics + 2 easy problems · HLD intro (client-server, scaling) · Set up NeetCode list and notes | I2: — | J2: — | K2: — | M2: =IF(C2="Yes",0,COUNTIF(G2:L2,"Yes")) -> 0 | N2: =IF(C2="Yes",0,6-COUNTIF(G2:L2,"—")) -> 3
A3: 46307 | B3: Mon | D3: =IF(C3="Yes","",ROW()-1-COUNTIF($C$2:C3,"Yes")) -> 2 | E3: =IF(C3="Yes","",IF(D3>57,"Buffer",MIN(8,INT((D3-1)/7)+1))) -> 1 | F3: =IF(C3="Yes","Day off: the plan shifts forward one day",IF(D3>57,"Buffer: revision, weak topics, mock interviews",IF(D3=1,"Kickoff: two pointers basics + 2 easy problems · HLD intro (client-server, scaling) · Set up NeetCode list and notes",IF(WEEKDAY(A3,2)=6,"Contest or timed mock · "&IF(E3<=3,"Revise 2 HLD concepts","2 full HLD designs")&" · Deep dive (Kafka, hashing...) · Gen AI catch-up",IF(WEEKDAY(A3,2)=7,"Re-solve the week’s hardest · "&IF(E3<=3,"Revise LLD concepts","1 LLD design")&" · Read mistakes log · Half day off","DSA 10:10 · "&IF(MOD(WEEKDAY(A3,2),2)=1,"HLD","LLD")&IF(E3<=3," concepts"," design")&" 3:30 · Gen AI 5:30 · DSA 8:00 · "&IF(A3<DATE(2026,10,23),"DE practice exam",IF(A3=DATE(2026,10,23),"DATABRICKS EXAM DAY","Behavioral story + Gen AI hands-on"))&" · Review"))))) -> DSA 10:10 · HLD concepts 3:30 · Gen AI 5:30 · DSA 8:00 · DE practice exam · Review | M3: =IF(C3="Yes",0,COUNTIF(G3:L3,"Yes")) -> 0 | N3: =IF(C3="Yes",0,6-COUNTIF(G3:L3,"—")) -> 6
A4: 46308 | B4: Tue | D4: =IF(C4="Yes","",ROW()-1-COUNTIF($C$2:C4,"Yes")) -> 3 | E4: =IF(C4="Yes","",IF(D4>57,"Buffer",MIN(8,INT((D4-1)/7)+1))) -> 1 | F4: =IF(C4="Yes","Day off: the plan shifts forward one day",IF(D4>57,"Buffer: revision, weak topics, mock interviews",IF(D4=1,"Kickoff: two pointers basics + 2 easy problems · HLD intro (client-server, scaling) · Set up NeetCode list and notes",IF(WEEKDAY(A4,2)=6,"Contest or timed mock · "&IF(E4<=3,"Revise 2 HLD concepts","2 full HLD designs")&" · Deep dive (Kafka, hashing...) · Gen AI catch-up",IF(WEEKDAY(A4,2)=7,"Re-solve the week’s hardest · "&IF(E4<=3,"Revise LLD concepts","1 LLD design")&" · Read mistakes log · Half day off","DSA 10:10 · "&IF(MOD(WEEKDAY(A4,2),2)=1,"HLD","LLD")&IF(E4<=3," concepts"," design")&" 3:30 · Gen AI 5:30 · DSA 8:00 · "&IF(A4<DATE(2026,10,23),"DE practice exam",IF(A4=DATE(2026,10,23),"DATABRICKS EXAM DAY","Behavioral story + Gen AI hands-on"))&" · Review"))))) -> DSA 10:10 · LLD concepts 3:30 · Gen AI 5:30 · DSA 8:00 · DE practice exam · Review | M4: =IF(C4="Yes",0,COUNTIF(G4:L4,"Yes")) -> 0 | N4: =IF(C4="Yes",0,6-COUNTIF(G4:L4,"—")) -> 6
A5: 46309 | B5: Wed | D5: =IF(C5="Yes","",ROW()-1-COUNTIF($C$2:C5,"Yes")) -> 4 | E5: =IF(C5="Yes","",IF(D5>57,"Buffer",MIN(8,INT((D5-1)/7)+1))) -> 1 | F5: =IF(C5="Yes","Day off: the plan shifts forward one day",IF(D5>57,"Buffer: revision, weak topics, mock interviews",IF(D5=1,"Kickoff: two pointers basics + 2 easy problems · HLD intro (client-server, scaling) · Set up NeetCode list and notes",IF(WEEKDAY(A5,2)=6,"Contest or timed mock · "&IF(E5<=3,"Revise 2 HLD concepts","2 full HLD designs")&" · Deep dive (Kafka, hashing...) · Gen AI catch-up",IF(WEEKDAY(A5,2)=7,"Re-solve the week’s hardest · "&IF(E5<=3,"Revise LLD concepts","1 LLD design")&" · Read mistakes log · Half day off","DSA 10:10 · "&IF(MOD(WEEKDAY(A5,2),2)=1,"HLD","LLD")&IF(E5<=3," concepts"," design")&" 3:30 · Gen AI 5:30 · DSA 8:00 · "&IF(A5<DATE(2026,10,23),"DE practice exam",IF(A5=DATE(2026,10,23),"DATABRICKS EXAM DAY","Behavioral story + Gen AI hands-on"))&" · Review"))))) -> DSA 10:10 · HLD concepts 3:30 · Gen AI 5:30 · DSA 8:00 · DE practice exam · Review | M5: =IF(C5="Yes",0,COUNTIF(G5:L5,"Yes")) -> 0 | N5: =IF(C5="Yes",0,6-COUNTIF(G5:L5,"—")) -> 6
A6: 46310 | B6: Thu | D6: =IF(C6="Yes","",ROW()-1-COUNTIF($C$2:C6,"Yes")) -> 5 | E6: =IF(C6="Yes","",IF(D6>57,"Buffer",MIN(8,INT((D6-1)/7)+1))) -> 1 | F6: =IF(C6="Yes","Day off: the plan shifts forward one day",IF(D6>57,"Buffer: revision, weak topics, mock interviews",IF(D6=1,"Kickoff: two pointers basics + 2 easy problems · HLD intro (client-server, scaling) · Set up NeetCode list and notes",IF(WEEKDAY(A6,2)=6,"Contest or timed mock · "&IF(E6<=3,"Revise 2 HLD concepts","2 full HLD designs")&" · Deep dive (Kafka, hashing...) · Gen AI catch-up",IF(WEEKDAY(A6,2)=7,"Re-solve the week’s hardest · "&IF(E6<=3,"Revise LLD concepts","1 LLD design")&" · Read mistakes log · Half day off","DSA 10:10 · "&IF(MOD(WEEKDAY(A6,2),2)=1,"HLD","LLD")&IF(E6<=3," concepts"," design")&" 3:30 · Gen AI 5:30 · DSA 8:00 · "&IF(A6<DATE(2026,10,23),"DE practice exam",IF(A6=DATE(2026,10,23),"DATABRICKS EXAM DAY","Behavioral story + Gen AI hands-on"))&" · Review"))))) -> DSA 10:10 · LLD concepts 3:30 · Gen AI 5:30 · DSA 8:00 · DE practice exam · Review | M6: =IF(C6="Yes",0,COUNTIF(G6:L6,"Yes")) -> 0 | N6: =IF(C6="Yes",0,6-COUNTIF(G6:L6,"—")) -> 6
A7: 46311 | B7: Fri | D7: =IF(C7="Yes","",ROW()-1-COUNTIF($C$2:C7,"Yes")) -> 6 | E7: =IF(C7="Yes","",IF(D7>57,"Buffer",MIN(8,INT((D7-1)/7)+1))) -> 1 | F7: =IF(C7="Yes","Day off: the plan shifts forward one day",IF(D7>57,"Buffer: revision, weak topics, mock interviews",IF(D7=1,"Kickoff: two pointers basics + 2 easy problems · HLD intro (client-server, scaling) · Set up NeetCode list and notes",IF(WEEKDAY(A7,2)=6,"Contest or timed mock · "&IF(E7<=3,"Revise 2 HLD concepts","2 full HLD designs")&" · Deep dive (Kafka, hashing...) · Gen AI catch-up",IF(WEEKDAY(A7,2)=7,"Re-solve the week’s hardest · "&IF(E7<=3,"Revise LLD concepts","1 LLD design")&" · Read mistakes log · Half day off","DSA 10:10 · "&IF(MOD(WEEKDAY(A7,2),2)=1,"HLD","LLD")&IF(E7<=3," concepts"," design")&" 3:30 · Gen AI 5:30 · DSA 8:00 · "&IF(A7<DATE(2026,10,23),"DE practice exam",IF(A7=DATE(2026,10,23),"DATABRICKS EXAM DAY","Behavioral story + Gen AI hands-on"))&" · Review"))))) -> DSA 10:10 · HLD concepts 3:30 · Gen AI 5:30 · DSA 8:00 · DE practice exam · Review | M7: =IF(C7="Yes",0,COUNTIF(G7:L7,"Yes")) -> 0 | N7: =IF(C7="Yes",0,6-COUNTIF(G7:L7,"—")) -> 6
A8: 46312 | B8: Sat | D8: =IF(C8="Yes","",ROW()-1-COUNTIF($C$2:C8,"Yes")) -> 7 | E8: =IF(C8="Yes","",IF(D8>57,"Buffer",MIN(8,INT((D8-1)/7)+1))) -> 1 | F8: =IF(C8="Yes","Day off: the plan shifts forward one day",IF(D8>57,"Buffer: revision, weak topics, mock interviews",IF(D8=1,"Kickoff: two pointers basics + 2 easy problems · HLD intro (client-server, scaling) · Set up NeetCode list and notes",IF(WEEKDAY(A8,2)=6,"Contest or timed mock · "&IF(E8<=3,"Revise 2 HLD concepts","2 full HLD designs")&" · Deep dive (Kafka, hashing...) · Gen AI catch-up",IF(WEEKDAY(A8,2)=7,"Re-solve the week’s hardest · "&IF(E8<=3,"Revise LLD concepts","1 LLD design")&" · Read mistakes log · Half day off","DSA 10:10 · "&IF(MOD(WEEKDAY(A8,2),2)=1,"HLD","LLD")&IF(E8<=3," concepts"," design")&" 3:30 · Gen AI 5:30 · DSA 8:00 · "&IF(A8<DATE(2026,10,23),"DE practice exam",IF(A8=DATE(2026,10,23),"DATABRICKS EXAM DAY","Behavioral story + Gen AI hands-on"))&" · Review"))))) -> Contest or timed mock · Revise 2 HLD concepts · Deep dive (Kafka, hashing...) · Gen AI catch-up | J8: — | L8: — | M8: =IF(C8="Yes",0,COUNTIF(G8:L8,"Yes")) -> 0 | N8: =IF(C8="Yes",0,6-COUNTIF(G8:L8,"—")) -> 4
A9: 46313 | B9: Sun | D9: =IF(C9="Yes","",ROW()-1-COUNTIF($C$2:C9,"Yes")) -> 8 | E9: =IF(C9="Yes","",IF(D9>57,"Buffer",MIN(8,INT((D9-1)/7)+1))) -> 2 | F9: =IF(C9="Yes","Day off: the plan shifts forward one day",IF(D9>57,"Buffer: revision, weak topics, mock interviews",IF(D9=1,"Kickoff: two pointers basics + 2 easy problems · HLD intro (client-server, scaling) · Set up NeetCode list and notes",IF(WEEKDAY(A9,2)=6,"Contest or timed mock · "&IF(E9<=3,"Revise 2 HLD concepts","2 full HLD designs")&" · Deep dive (Kafka, hashing...) · Gen AI catch-up",IF(WEEKDAY(A9,2)=7,"Re-solve the week’s hardest · "&IF(E9<=3,"Revise LLD concepts","1 LLD design")&" · Read mistakes log · Half day off","DSA 10:10 · "&IF(MOD(WEEKDAY(A9,2),2)=1,"HLD","LLD")&IF(E9<=3," concepts"," design")&" 3:30 · Gen AI 5:30 · DSA 8:00 · "&IF(A9<DATE(2026,10,23),"DE practice exam",IF(A9=DATE(2026,10,23),"DATABRICKS EXAM DAY","Behavioral story + Gen AI hands-on"))&" · Review"))))) -> Re-solve the week’s hardest · Revise LLD concepts · Read mistakes log · Half day off | I9: — | J9: — | K9: — | M9: =IF(C9="Yes",0,COUNTIF(G9:L9,"Yes")) -> 0 | N9: =IF(C9="Yes",0,6-COUNTIF(G9:L9,"—")) -> 3
A10: 46314 | B10: Mon | D10: =IF(C10="Yes","",ROW()-1-COUNTIF($C$2:C10,"Yes")) -> 9 | E10: =IF(C10="Yes","",IF(D10>57,"Buffer",MIN(8,INT((D10-1)/7)+1))) -> 2 | F10: =IF(C10="Yes","Day off: the plan shifts forward one day",IF(D10>57,"Buffer: revision, weak topics, mock interviews",IF(D10=1,"Kickoff: two pointers basics + 2 easy problems · HLD intro (client-server, scaling) · Set up NeetCode list and notes",IF(WEEKDAY(A10,2)=6,"Contest or timed mock · "&IF(E10<=3,"Revise 2 HLD concepts","2 full HLD designs")&" · Deep dive (Kafka, hashing...) · Gen AI catch-up",IF(WEEKDAY(A10,2)=7,"Re-solve the week’s hardest · "&IF(E10<=3,"Revise LLD concepts","1 LLD design")&" · Read mistakes log · Half day off","DSA 10:10 · "&IF(MOD(WEEKDAY(A10,2),2)=1,"HLD","LLD")&IF(E10<=3," concepts"," design")&" 3:30 · Gen AI 5:30 · DSA 8:00 · "&IF(A10<DATE(2026,10,23),"DE practice exam",IF(A10=DATE(2026,10,23),"DATABRICKS EXAM DAY","Behavioral story + Gen AI hands-on"))&" · Review"))))) -> DSA 10:10 · HLD concepts 3:30 · Gen AI 5:30 · DSA 8:00 · DE practice exam · Review | M10: =IF(C10="Yes",0,COUNTIF(G10:L10,"Yes")) -> 0 | N10: =IF(C10="Yes",0,6-COUNTIF(G10:L10,"—")) -> 6
A11: 46315 | B11: Tue | D11: =IF(C11="Yes","",ROW()-1-COUNTIF($C$2:C11,"Yes")) -> 10 | E11: =IF(C11="Yes","",IF(D11>57,"Buffer",MIN(8,INT((D11-1)/7)+1))) -> 2 | F11: =IF(C11="Yes","Day off: the plan shifts forward one day",IF(D11>57,"Buffer: revision, weak topics, mock interviews",IF(D11=1,"Kickoff: two pointers basics + 2 easy problems · HLD intro (client-server, scaling) · Set up NeetCode list and notes",IF(WEEKDAY(A11,2)=6,"Contest or timed mock · "&IF(E11<=3,"Revise 2 HLD concepts","2 full HLD designs")&" · Deep dive (Kafka, hashing...) · Gen AI catch-up",IF(WEEKDAY(A11,2)=7,"Re-solve the week’s hardest · "&IF(E11<=3,"Revise LLD concepts","1 LLD design")&" · Read mistakes log · Half day off","DSA 10:10 · "&IF(MOD(WEEKDAY(A11,2),2)=1,"HLD","LLD")&IF(E11<=3," concepts"," design")&" 3:30 · Gen AI 5:30 · DSA 8:00 · "&IF(A11<DATE(2026,10,23),"DE practice exam",IF(A11=DATE(2026,10,23),"DATABRICKS EXAM DAY","Behavioral story + Gen AI hands-on"))&" · Review"))))) -> DSA 10:10 · LLD concepts 3:30 · Gen AI 5:30 · DSA 8:00 · DE practice exam · Review | M11: =IF(C11="Yes",0,COUNTIF(G11:L11,"Yes")) -> 0 | N11: =IF(C11="Yes",0,6-COUNTIF(G11:L11,"—")) -> 6
A12: 46316 | B12: Wed | D12: =IF(C12="Yes","",ROW()-1-COUNTIF($C$2:C12,"Yes")) -> 11 | E12: =IF(C12="Yes","",IF(D12>57,"Buffer",MIN(8,INT((D12-1)/7)+1))) -> 2 | F12: =IF(C12="Yes","Day off: the plan shifts forward one day",IF(D12>57,"Buffer: revision, weak topics, mock interviews",IF(D12=1,"Kickoff: two pointers basics + 2 easy problems · HLD intro (client-server, scaling) · Set up NeetCode list and notes",IF(WEEKDAY(A12,2)=6,"Contest or timed mock · "&IF(E12<=3,"Revise 2 HLD concepts","2 full HLD designs")&" · Deep dive (Kafka, hashing...) · Gen AI catch-up",IF(WEEKDAY(A12,2)=7,"Re-solve the week’s hardest · "&IF(E12<=3,"Revise LLD concepts","1 LLD design")&" · Read mistakes log · Half day off","DSA 10:10 · "&IF(MOD(WEEKDAY(A12,2),2)=1,"HLD","LLD")&IF(E12<=3," concepts"," design")&" 3:30 · Gen AI 5:30 · DSA 8:00 · "&IF(A12<DATE(2026,10,23),"DE practice exam",IF(A12=DATE(2026,10,23),"DATABRICKS EXAM DAY","Behavioral story + Gen AI hands-on"))&" · Review"))))) -> DSA 10:10 · HLD concepts 3:30 · Gen AI 5:30 · DSA 8:00 · DE practice exam · Review | M12: =IF(C12="Yes",0,COUNTIF(G12:L12,"Yes")) -> 0 | N12: =IF(C12="Yes",0,6-COUNTIF(G12:L12,"—")) -> 6
A13: 46317 | B13: Thu | D13: =IF(C13="Yes","",ROW()-1-COUNTIF($C$2:C13,"Yes")) -> 12 | E13: =IF(C13="Yes","",IF(D13>57,"Buffer",MIN(8,INT((D13-1)/7)+1))) -> 2 | F13: =IF(C13="Yes","Day off: the plan shifts forward one day",IF(D13>57,"Buffer: revision, weak topics, mock interviews",IF(D13=1,"Kickoff: two pointers basics + 2 easy problems · HLD intro (client-server, scaling) · Set up NeetCode list and notes",IF(WEEKDAY(A13,2)=6,"Contest or timed mock · "&IF(E13<=3,"Revise 2 HLD concepts","2 full HLD designs")&" · Deep dive (Kafka, hashing...) · Gen AI catch-up",IF(WEEKDAY(A13,2)=7,"Re-solve the week’s hardest · "&IF(E13<=3,"Revise LLD concepts","1 LLD design")&" · Read mistakes log · Half day off","DSA 10:10 · "&IF(MOD(WEEKDAY(A13,2),2)=1,"HLD","LLD")&IF(E13<=3," concepts"," design")&" 3:30 · Gen AI 5:30 · DSA 8:00 · "&IF(A13<DATE(2026,10,23),"DE practice exam",IF(A13=DATE(2026,10,23),"DATABRICKS EXAM DAY","Behavioral story + Gen AI hands-on"))&" · Review"))))) -> DSA 10:10 · LLD concepts 3:30 · Gen AI 5:30 · DSA 8:00 · DE practice exam · Review | M13: =IF(C13="Yes",0,COUNTIF(G13:L13,"Yes")) -> 0 | N13: =IF(C13="Yes",0,6-COUNTIF(G13:L13,"—")) -> 6
A14: 46318 | B14: Fri | D14: =IF(C14="Yes","",ROW()-1-COUNTIF($C$2:C14,"Yes")) -> 13 | E14: =IF(C14="Yes","",IF(D14>57,"Buffer",MIN(8,INT((D14-1)/7)+1))) -> 2 | F14: =IF(C14="Yes","Day off: the plan shifts forward one day",IF(D14>57,"Buffer: revision, weak topics, mock interviews",IF(D14=1,"Kickoff: two pointers basics + 2 easy problems · HLD intro (client-server, scaling) · Set up NeetCode list and notes",IF(WEEKDAY(A14,2)=6,"Contest or timed mock · "&IF(E14<=3,"Revise 2 HLD concepts","2 full HLD designs")&" · Deep dive (Kafka, hashing...) · Gen AI catch-up",IF(WEEKDAY(A14,2)=7,"Re-solve the week’s hardest · "&IF(E14<=3,"Revise LLD concepts","1 LLD design")&" · Read mistakes log · Half day off","DSA 10:10 · "&IF(MOD(WEEKDAY(A14,2),2)=1,"HLD","LLD")&IF(E14<=3," concepts"," design")&" 3:30 · Gen AI 5:30 · DSA 8:00 · "&IF(A14<DATE(2026,10,23),"DE practice exam",IF(A14=DATE(2026,10,23),"DATABRICKS EXAM DAY","Behavioral story + Gen AI hands-on"))&" · Review"))))) -> DSA 10:10 · HLD concepts 3:30 · Gen AI 5:30 · DSA 8:00 · DATABRICKS EXAM DAY · Review | M14: =IF(C14="Yes",0,COUNTIF(G14:L14,"Yes")) -> 0 | N14: =IF(C14="Yes",0,6-COUNTIF(G14:L14,"—")) -> 6
A15: 46319 | B15: Sat | D15: =IF(C15="Yes","",ROW()-1-COUNTIF($C$2:C15,"Yes")) -> 14 | E15: =IF(C15="Yes","",IF(D15>57,"Buffer",MIN(8,INT((D15-1)/7)+1))) -> 2 | F15: =IF(C15="Yes","Day off: the plan shifts forward one day",IF(D15>57,"Buffer: revision, weak topics, mock interviews",IF(D15=1,"Kickoff: two pointers basics + 2 easy problems · HLD intro (client-server, scaling) · Set up NeetCode list and notes",IF(WEEKDAY(A15,2)=6,"Contest or timed mock · "&IF(E15<=3,"Revise 2 HLD concepts","2 full HLD designs")&" · Deep dive (Kafka, hashing...) · Gen AI catch-up",IF(WEEKDAY(A15,2)=7,"Re-solve the week’s hardest · "&IF(E15<=3,"Revise LLD concepts","1 LLD design")&" · Read mistakes log · Half day off","DSA 10:10 · "&IF(MOD(WEEKDAY(A15,2),2)=1,"HLD","LLD")&IF(E15<=3," concepts"," design")&" 3:30 · Gen AI 5:30 · DSA 8:00 · "&IF(A15<DATE(2026,10,23),"DE practice exam",IF(A15=DATE(2026,10,23),"DATABRICKS EXAM DAY","Behavioral story + Gen AI hands-on"))&" · Review"))))) -> Contest or timed mock · Revise 2 HLD concepts · Deep dive (Kafka, hashing...) · Gen AI catch-up | J15: — | L15: — | M15: =IF(C15="Yes",0,COUNTIF(G15:L15,"Yes")) -> 0 | N15: =IF(C15="Yes",0,6-COUNTIF(G15:L15,"—")) -> 4
A16: 46320 | B16: Sun | D16: =IF(C16="Yes","",ROW()-1-COUNTIF($C$2:C16,"Yes")) -> 15 | E16: =IF(C16="Yes","",IF(D16>57,"Buffer",MIN(8,INT((D16-1)/7)+1))) -> 3 | F16: =IF(C16="Yes","Day off: the plan shifts forward one day",IF(D16>57,"Buffer: revision, weak topics, mock interviews",IF(D16=1,"Kickoff: two pointers basics + 2 easy problems · HLD intro (client-server, scaling) · Set up NeetCode list and notes",IF(WEEKDAY(A16,2)=6,"Contest or timed mock · "&IF(E16<=3,"Revise 2 HLD concepts","2 full HLD designs")&" · Deep dive (Kafka, hashing...) · Gen AI catch-up",IF(WEEKDAY(A16,2)=7,"Re-solve the week’s hardest · "&IF(E16<=3,"Revise LLD concepts","1 LLD design")&" · Read mistakes log · Half day off","DSA 10:10 · "&IF(MOD(WEEKDAY(A16,2),2)=1,"HLD","LLD")&IF(E16<=3," concepts"," design")&" 3:30 · Gen AI 5:30 · DSA 8:00 · "&IF(A16<DATE(2026,10,23),"DE practice exam",IF(A16=DATE(2026,10,23),"DATABRICKS EXAM DAY","Behavioral story + Gen AI hands-on"))&" · Review"))))) -> Re-solve the week’s hardest · Revise LLD concepts · Read mistakes log · Half day off | I16: — | J16: — | K16: — | M16: =IF(C16="Yes",0,COUNTIF(G16:L16,"Yes")) -> 0 | N16: =IF(C16="Yes",0,6-COUNTIF(G16:L16,"—")) -> 3
A17: 46321 | B17: Mon | D17: =IF(C17="Yes","",ROW()-1-COUNTIF($C$2:C17,"Yes")) -> 16 | E17: =IF(C17="Yes","",IF(D17>57,"Buffer",MIN(8,INT((D17-1)/7)+1))) -> 3 | F17: =IF(C17="Yes","Day off: the plan shifts forward one day",IF(D17>57,"Buffer: revision, weak topics, mock interviews",IF(D17=1,"Kickoff: two pointers basics + 2 easy problems · HLD intro (client-server, scaling) · Set up NeetCode list and notes",IF(WEEKDAY(A17,2)=6,"Contest or timed mock · "&IF(E17<=3,"Revise 2 HLD concepts","2 full HLD designs")&" · Deep dive (Kafka, hashing...) · Gen AI catch-up",IF(WEEKDAY(A17,2)=7,"Re-solve the week’s hardest · "&IF(E17<=3,"Revise LLD concepts","1 LLD design")&" · Read mistakes log · Half day off","DSA 10:10 · "&IF(MOD(WEEKDAY(A17,2),2)=1,"HLD","LLD")&IF(E17<=3," concepts"," design")&" 3:30 · Gen AI 5:30 · DSA 8:00 · "&IF(A17<DATE(2026,10,23),"DE practice exam",IF(A17=DATE(2026,10,23),"DATABRICKS EXAM DAY","Behavioral story + Gen AI hands-on"))&" · Review"))))) -> DSA 10:10 · HLD concepts 3:30 · Gen AI 5:30 · DSA 8:00 · Behavioral story + Gen AI hands-on · Review | M17: =IF(C17="Yes",0,COUNTIF(G17:L17,"Yes")) -> 0 | N17: =IF(C17="Yes",0,6-COUNTIF(G17:L17,"—")) -> 6
A18: 46322 | B18: Tue | D18: =IF(C18="Yes","",ROW()-1-COUNTIF($C$2:C18,"Yes")) -> 17 | E18: =IF(C18="Yes","",IF(D18>57,"Buffer",MIN(8,INT((D18-1)/7)+1))) -> 3 | F18: =IF(C18="Yes","Day off: the plan shifts forward one day",IF(D18>57,"Buffer: revision, weak topics, mock interviews",IF(D18=1,"Kickoff: two pointers basics + 2 easy problems · HLD intro (client-server, scaling) · Set up NeetCode list and notes",IF(WEEKDAY(A18,2)=6,"Contest or timed mock · "&IF(E18<=3,"Revise 2 HLD concepts","2 full HLD designs")&" · Deep dive (Kafka, hashing...) · Gen AI catch-up",IF(WEEKDAY(A18,2)=7,"Re-solve the week’s hardest · "&IF(E18<=3,"Revise LLD concepts","1 LLD design")&" · Read mistakes log · Half day off","DSA 10:10 · "&IF(MOD(WEEKDAY(A18,2),2)=1,"HLD","LLD")&IF(E18<=3," concepts"," design")&" 3:30 · Gen AI 5:30 · DSA 8:00 · "&IF(A18<DATE(2026,10,23),"DE practice exam",IF(A18=DATE(2026,10,23),"DATABRICKS EXAM DAY","Behavioral story + Gen AI hands-on"))&" · Review"))))) -> DSA 10:10 · LLD concepts 3:30 · Gen AI 5:30 · DSA 8:00 · Behavioral story + Gen AI hands-on · Review | M18: =IF(C18="Yes",0,COUNTIF(G18:L18,"Yes")) -> 0 | N18: =IF(C18="Yes",0,6-COUNTIF(G18:L18,"—")) -> 6
A19: 46323 | B19: Wed | D19: =IF(C19="Yes","",ROW()-1-COUNTIF($C$2:C19,"Yes")) -> 18 | E19: =IF(C19="Yes","",IF(D19>57,"Buffer",MIN(8,INT((D19-1)/7)+1))) -> 3 | F19: =IF(C19="Yes","Day off: the plan shifts forward one day",IF(D19>57,"Buffer: revision, weak topics, mock interviews",IF(D19=1,"Kickoff: two pointers basics + 2 easy problems · HLD intro (client-server, scaling) · Set up NeetCode list and notes",IF(WEEKDAY(A19,2)=6,"Contest or timed mock · "&IF(E19<=3,"Revise 2 HLD concepts","2 full HLD designs")&" · Deep dive (Kafka, hashing...) · Gen AI catch-up",IF(WEEKDAY(A19,2)=7,"Re-solve the week’s hardest · "&IF(E19<=3,"Revise LLD concepts","1 LLD design")&" · Read mistakes log · Half day off","DSA 10:10 · "&IF(MOD(WEEKDAY(A19,2),2)=1,"HLD","LLD")&IF(E19<=3," concepts"," design")&" 3:30 · Gen AI 5:30 · DSA 8:00 · "&IF(A19<DATE(2026,10,23),"DE practice exam",IF(A19=DATE(2026,10,23),"DATABRICKS EXAM DAY","Behavioral story + Gen AI hands-on"))&" · Review"))))) -> DSA 10:10 · HLD concepts 3:30 · Gen AI 5:30 · DSA 8:00 · Behavioral story + Gen AI hands-on · Review | M19: =IF(C19="Yes",0,COUNTIF(G19:L19,"Yes")) -> 0 | N19: =IF(C19="Yes",0,6-COUNTIF(G19:L19,"—")) -> 6
A20: 46324 | B20: Thu | D20: =IF(C20="Yes","",ROW()-1-COUNTIF($C$2:C20,"Yes")) -> 19 | E20: =IF(C20="Yes","",IF(D20>57,"Buffer",MIN(8,INT((D20-1)/7)+1))) -> 3 | F20: =IF(C20="Yes","Day off: the plan shifts forward one day",IF(D20>57,"Buffer: revision, weak topics, mock interviews",IF(D20=1,"Kickoff: two pointers basics + 2 easy problems · HLD intro (client-server, scaling) · Set up NeetCode list and notes",IF(WEEKDAY(A20,2)=6,"Contest or timed mock · "&IF(E20<=3,"Revise 2 HLD concepts","2 full HLD designs")&" · Deep dive (Kafka, hashing...) · Gen AI catch-up",IF(WEEKDAY(A20,2)=7,"Re-solve the week’s hardest · "&IF(E20<=3,"Revise LLD concepts","1 LLD design")&" · Read mistakes log · Half day off","DSA 10:10 · "&IF(MOD(WEEKDAY(A20,2),2)=1,"HLD","LLD")&IF(E20<=3," concepts"," design")&" 3:30 · Gen AI 5:30 · DSA 8:00 · "&IF(A20<DATE(2026,10,23),"DE practice exam",IF(A20=DATE(2026,10,23),"DATABRICKS EXAM DAY","Behavioral story + Gen AI hands-on"))&" · Review"))))) -> DSA 10:10 · LLD concepts 3:30 · Gen AI 5:30 · DSA 8:00 · Behavioral story + Gen AI hands-on · Review | M20: =IF(C20="Yes",0,COUNTIF(G20:L20,"Yes")) -> 0 | N20: =IF(C20="Yes",0,6-COUNTIF(G20:L20,"—")) -> 6
A21: 46325 | B21: Fri | D21: =IF(C21="Yes","",ROW()-1-COUNTIF($C$2:C21,"Yes")) -> 20 | E21: =IF(C21="Yes","",IF(D21>57,"Buffer",MIN(8,INT((D21-1)/7)+1))) -> 3 | F21: =IF(C21="Yes","Day off: the plan shifts forward one day",IF(D21>57,"Buffer: revision, weak topics, mock interviews",IF(D21=1,"Kickoff: two pointers basics + 2 easy problems · HLD intro (client-server, scaling) · Set up NeetCode list and notes",IF(WEEKDAY(A21,2)=6,"Contest or timed mock · "&IF(E21<=3,"Revise 2 HLD concepts","2 full HLD designs")&" · Deep dive (Kafka, hashing...) · Gen AI catch-up",IF(WEEKDAY(A21,2)=7,"Re-solve the week’s hardest · "&IF(E21<=3,"Revise LLD concepts","1 LLD design")&" · Read mistakes log · Half day off","DSA 10:10 · "&IF(MOD(WEEKDAY(A21,2),2)=1,"HLD","LLD")&IF(E21<=3," concepts"," design")&" 3:30 · Gen AI 5:30 · DSA 8:00 · "&IF(A21<DATE(2026,10,23),"DE practice exam",IF(A21=DATE(2026,10,23),"DATABRICKS EXAM DAY","Behavioral story + Gen AI hands-on"))&" · Review"))))) -> DSA 10:10 · HLD concepts 3:30 · Gen AI 5:30 · DSA 8:00 · Behavioral story + Gen AI hands-on · Review | M21: =IF(C21="Yes",0,COUNTIF(G21:L21,"Yes")) -> 0 | N21: =IF(C21="Yes",0,6-COUNTIF(G21:L21,"—")) -> 6
A22: 46326 | B22: Sat | D22: =IF(C22="Yes","",ROW()-1-COUNTIF($C$2:C22,"Yes")) -> 21 | E22: =IF(C22="Yes","",IF(D22>57,"Buffer",MIN(8,INT((D22-1)/7)+1))) -> 3 | F22: =IF(C22="Yes","Day off: the plan shifts forward one day",IF(D22>57,"Buffer: revision, weak topics, mock interviews",IF(D22=1,"Kickoff: two pointers basics + 2 easy problems · HLD intro (client-server, scaling) · Set up NeetCode list and notes",IF(WEEKDAY(A22,2)=6,"Contest or timed mock · "&IF(E22<=3,"Revise 2 HLD concepts","2 full HLD designs")&" · Deep dive (Kafka, hashing...) · Gen AI catch-up",IF(WEEKDAY(A22,2)=7,"Re-solve the week’s hardest · "&IF(E22<=3,"Revise LLD concepts","1 LLD design")&" · Read mistakes log · Half day off","DSA 10:10 · "&IF(MOD(WEEKDAY(A22,2),2)=1,"HLD","LLD")&IF(E22<=3," concepts"," design")&" 3:30 · Gen AI 5:30 · DSA 8:00 · "&IF(A22<DATE(2026,10,23),"DE practice exam",IF(A22=DATE(2026,10,23),"DATABRICKS EXAM DAY","Behavioral story + Gen AI hands-on"))&" · Review"))))) -> Contest or timed mock · Revise 2 HLD concepts · Deep dive (Kafka, hashing...) · Gen AI catch-up | J22: — | L22: — | M22: =IF(C22="Yes",0,COUNTIF(G22:L22,"Yes")) -> 0 | N22: =IF(C22="Yes",0,6-COUNTIF(G22:L22,"—")) -> 4
A23: 46327 | B23: Sun | D23: =IF(C23="Yes","",ROW()-1-COUNTIF($C$2:C23,"Yes")) -> 22 | E23: =IF(C23="Yes","",IF(D23>57,"Buffer",MIN(8,INT((D23-1)/7)+1))) -> 4 | F23: =IF(C23="Yes","Day off: the plan shifts forward one day",IF(D23>57,"Buffer: revision, weak topics, mock interviews",IF(D23=1,"Kickoff: two pointers basics + 2 easy problems · HLD intro (client-server, scaling) · Set up NeetCode list and notes",IF(WEEKDAY(A23,2)=6,"Contest or timed mock · "&IF(E23<=3,"Revise 2 HLD concepts","2 full HLD designs")&" · Deep dive (Kafka, hashing...) · Gen AI catch-up",IF(WEEKDAY(A23,2)=7,"Re-solve the week’s hardest · "&IF(E23<=3,"Revise LLD concepts","1 LLD design")&" · Read mistakes log · Half day off","DSA 10:10 · "&IF(MOD(WEEKDAY(A23,2),2)=1,"HLD","LLD")&IF(E23<=3," concepts"," design")&" 3:30 · Gen AI 5:30 · DSA 8:00 · "&IF(A23<DATE(2026,10,23),"DE practice exam",IF(A23=DATE(2026,10,23),"DATABRICKS EXAM DAY","Behavioral story + Gen AI hands-on"))&" · Review"))))) -> Re-solve the week’s hardest · 1 LLD design · Read mistakes log · Half day off | I23: — | J23: — | K23: — | M23: =IF(C23="Yes",0,COUNTIF(G23:L23,"Yes")) -> 0 | N23: =IF(C23="Yes",0,6-COUNTIF(G23:L23,"—")) -> 3
A24: 46328 | B24: Mon | D24: =IF(C24="Yes","",ROW()-1-COUNTIF($C$2:C24,"Yes")) -> 23 | E24: =IF(C24="Yes","",IF(D24>57,"Buffer",MIN(8,INT((D24-1)/7)+1))) -> 4 | F24: =IF(C24="Yes","Day off: the plan shifts forward one day",IF(D24>57,"Buffer: revision, weak topics, mock interviews",IF(D24=1,"Kickoff: two pointers basics + 2 easy problems · HLD intro (client-server, scaling) · Set up NeetCode list and notes",IF(WEEKDAY(A24,2)=6,"Contest or timed mock · "&IF(E24<=3,"Revise 2 HLD concepts","2 full HLD designs")&" · Deep dive (Kafka, hashing...) · Gen AI catch-up",IF(WEEKDAY(A24,2)=7,"Re-solve the week’s hardest · "&IF(E24<=3,"Revise LLD concepts","1 LLD design")&" · Read mistakes log · Half day off","DSA 10:10 · "&IF(MOD(WEEKDAY(A24,2),2)=1,"HLD","LLD")&IF(E24<=3," concepts"," design")&" 3:30 · Gen AI 5:30 · DSA 8:00 · "&IF(A24<DATE(2026,10,23),"DE practice exam",IF(A24=DATE(2026,10,23),"DATABRICKS EXAM DAY","Behavioral story + Gen AI hands-on"))&" · Review"))))) -> DSA 10:10 · HLD design 3:30 · Gen AI 5:30 · DSA 8:00 · Behavioral story + Gen AI hands-on · Review | M24: =IF(C24="Yes",0,COUNTIF(G24:L24,"Yes")) -> 0 | N24: =IF(C24="Yes",0,6-COUNTIF(G24:L24,"—")) -> 6
A25: 46329 | B25: Tue | D25: =IF(C25="Yes","",ROW()-1-COUNTIF($C$2:C25,"Yes")) -> 24 | E25: =IF(C25="Yes","",IF(D25>57,"Buffer",MIN(8,INT((D25-1)/7)+1))) -> 4 | F25: =IF(C25="Yes","Day off: the plan shifts forward one day",IF(D25>57,"Buffer: revision, weak topics, mock interviews",IF(D25=1,"Kickoff: two pointers basics + 2 easy problems · HLD intro (client-server, scaling) · Set up NeetCode list and notes",IF(WEEKDAY(A25,2)=6,"Contest or timed mock · "&IF(E25<=3,"Revise 2 HLD concepts","2 full HLD designs")&" · Deep dive (Kafka, hashing...) · Gen AI catch-up",IF(WEEKDAY(A25,2)=7,"Re-solve the week’s hardest · "&IF(E25<=3,"Revise LLD concepts","1 LLD design")&" · Read mistakes log · Half day off","DSA 10:10 · "&IF(MOD(WEEKDAY(A25,2),2)=1,"HLD","LLD")&IF(E25<=3," concepts"," design")&" 3:30 · Gen AI 5:30 · DSA 8:00 · "&IF(A25<DATE(2026,10,23),"DE practice exam",IF(A25=DATE(2026,10,23),"DATABRICKS EXAM DAY","Behavioral story + Gen AI hands-on"))&" · Review"))))) -> DSA 10:10 · LLD design 3:30 · Gen AI 5:30 · DSA 8:00 · Behavioral story + Gen AI hands-on · Review | M25: =IF(C25="Yes",0,COUNTIF(G25:L25,"Yes")) -> 0 | N25: =IF(C25="Yes",0,6-COUNTIF(G25:L25,"—")) -> 6
A26: 46330 | B26: Wed | D26: =IF(C26="Yes","",ROW()-1-COUNTIF($C$2:C26,"Yes")) -> 25 | E26: =IF(C26="Yes","",IF(D26>57,"Buffer",MIN(8,INT((D26-1)/7)+1))) -> 4 | F26: =IF(C26="Yes","Day off: the plan shifts forward one day",IF(D26>57,"Buffer: revision, weak topics, mock interviews",IF(D26=1,"Kickoff: two pointers basics + 2 easy problems · HLD intro (client-server, scaling) · Set up NeetCode list and notes",IF(WEEKDAY(A26,2)=6,"Contest or timed mock · "&IF(E26<=3,"Revise 2 HLD concepts","2 full HLD designs")&" · Deep dive (Kafka, hashing...) · Gen AI catch-up",IF(WEEKDAY(A26,2)=7,"Re-solve the week’s hardest · "&IF(E26<=3,"Revise LLD concepts","1 LLD design")&" · Read mistakes log · Half day off","DSA 10:10 · "&IF(MOD(WEEKDAY(A26,2),2)=1,"HLD","LLD")&IF(E26<=3," concepts"," design")&" 3:30 · Gen AI 5:30 · DSA 8:00 · "&IF(A26<DATE(2026,10,23),"DE practice exam",IF(A26=DATE(2026,10,23),"DATABRICKS EXAM DAY","Behavioral story + Gen AI hands-on"))&" · Review"))))) -> DSA 10:10 · HLD design 3:30 · Gen AI 5:30 · DSA 8:00 · Behavioral story + Gen AI hands-on · Review | M26: =IF(C26="Yes",0,COUNTIF(G26:L26,"Yes")) -> 0 | N26: =IF(C26="Yes",0,6-COUNTIF(G26:L26,"—")) -> 6
A27: 46331 | B27: Thu | D27: =IF(C27="Yes","",ROW()-1-COUNTIF($C$2:C27,"Yes")) -> 26 | E27: =IF(C27="Yes","",IF(D27>57,"Buffer",MIN(8,INT((D27-1)/7)+1))) -> 4 | F27: =IF(C27="Yes","Day off: the plan shifts forward one day",IF(D27>57,"Buffer: revision, weak topics, mock interviews",IF(D27=1,"Kickoff: two pointers basics + 2 easy problems · HLD intro (client-server, scaling) · Set up NeetCode list and notes",IF(WEEKDAY(A27,2)=6,"Contest or timed mock · "&IF(E27<=3,"Revise 2 HLD concepts","2 full HLD designs")&" · Deep dive (Kafka, hashing...) · Gen AI catch-up",IF(WEEKDAY(A27,2)=7,"Re-solve the week’s hardest · "&IF(E27<=3,"Revise LLD concepts","1 LLD design")&" · Read mistakes log · Half day off","DSA 10:10 · "&IF(MOD(WEEKDAY(A27,2),2)=1,"HLD","LLD")&IF(E27<=3," concepts"," design")&" 3:30 · Gen AI 5:30 · DSA 8:00 · "&IF(A27<DATE(2026,10,23),"DE practice exam",IF(A27=DATE(2026,10,23),"DATABRICKS EXAM DAY","Behavioral story + Gen AI hands-on"))&" · Review"))))) -> DSA 10:10 · LLD design 3:30 · Gen AI 5:30 · DSA 8:00 · Behavioral story + Gen AI hands-on · Review | M27: =IF(C27="Yes",0,COUNTIF(G27:L27,"Yes")) -> 0 | N27: =IF(C27="Yes",0,6-COUNTIF(G27:L27,"—")) -> 6
A28: 46332 | B28: Fri | D28: =IF(C28="Yes","",ROW()-1-COUNTIF($C$2:C28,"Yes")) -> 27 | E28: =IF(C28="Yes","",IF(D28>57,"Buffer",MIN(8,INT((D28-1)/7)+1))) -> 4 | F28: =IF(C28="Yes","Day off: the plan shifts forward one day",IF(D28>57,"Buffer: revision, weak topics, mock interviews",IF(D28=1,"Kickoff: two pointers basics + 2 easy problems · HLD intro (client-server, scaling) · Set up NeetCode list and notes",IF(WEEKDAY(A28,2)=6,"Contest or timed mock · "&IF(E28<=3,"Revise 2 HLD concepts","2 full HLD designs")&" · Deep dive (Kafka, hashing...) · Gen AI catch-up",IF(WEEKDAY(A28,2)=7,"Re-solve the week’s hardest · "&IF(E28<=3,"Revise LLD concepts","1 LLD design")&" · Read mistakes log · Half day off","DSA 10:10 · "&IF(MOD(WEEKDAY(A28,2),2)=1,"HLD","LLD")&IF(E28<=3," concepts"," design")&" 3:30 · Gen AI 5:30 · DSA 8:00 · "&IF(A28<DATE(2026,10,23),"DE practice exam",IF(A28=DATE(2026,10,23),"DATABRICKS EXAM DAY","Behavioral story + Gen AI hands-on"))&" · Review"))))) -> DSA 10:10 · HLD design 3:30 · Gen AI 5:30 · DSA 8:00 · Behavioral story + Gen AI hands-on · Review | M28: =IF(C28="Yes",0,COUNTIF(G28:L28,"Yes")) -> 0 | N28: =IF(C28="Yes",0,6-COUNTIF(G28:L28,"—")) -> 6
A29: 46333 | B29: Sat | D29: =IF(C29="Yes","",ROW()-1-COUNTIF($C$2:C29,"Yes")) -> 28 | E29: =IF(C29="Yes","",IF(D29>57,"Buffer",MIN(8,INT((D29-1)/7)+1))) -> 4 | F29: =IF(C29="Yes","Day off: the plan shifts forward one day",IF(D29>57,"Buffer: revision, weak topics, mock interviews",IF(D29=1,"Kickoff: two pointers basics + 2 easy problems · HLD intro (client-server, scaling) · Set up NeetCode list and notes",IF(WEEKDAY(A29,2)=6,"Contest or timed mock · "&IF(E29<=3,"Revise 2 HLD concepts","2 full HLD designs")&" · Deep dive (Kafka, hashing...) · Gen AI catch-up",IF(WEEKDAY(A29,2)=7,"Re-solve the week’s hardest · "&IF(E29<=3,"Revise LLD concepts","1 LLD design")&" · Read mistakes log · Half day off","DSA 10:10 · "&IF(MOD(WEEKDAY(A29,2),2)=1,"HLD","LLD")&IF(E29<=3," concepts"," design")&" 3:30 · Gen AI 5:30 · DSA 8:00 · "&IF(A29<DATE(2026,10,23),"DE practice exam",IF(A29=DATE(2026,10,23),"DATABRICKS EXAM DAY","Behavioral story + Gen AI hands-on"))&" · Review"))))) -> Contest or timed mock · 2 full HLD designs · Deep dive (Kafka, hashing...) · Gen AI catch-up | J29: — | L29: — | M29: =IF(C29="Yes",0,COUNTIF(G29:L29,"Yes")) -> 0 | N29: =IF(C29="Yes",0,6-COUNTIF(G29:L29,"—")) -> 4
A30: 46334 | B30: Sun | D30: =IF(C30="Yes","",ROW()-1-COUNTIF($C$2:C30,"Yes")) -> 29 | E30: =IF(C30="Yes","",IF(D30>57,"Buffer",MIN(8,INT((D30-1)/7)+1))) -> 5 | F30: =IF(C30="Yes","Day off: the plan shifts forward one day",IF(D30>57,"Buffer: revision, weak topics, mock interviews",IF(D30=1,"Kickoff: two pointers basics + 2 easy problems · HLD intro (client-server, scaling) · Set up NeetCode list and notes",IF(WEEKDAY(A30,2)=6,"Contest or timed mock · "&IF(E30<=3,"Revise 2 HLD concepts","2 full HLD designs")&" · Deep dive (Kafka, hashing...) · Gen AI catch-up",IF(WEEKDAY(A30,2)=7,"Re-solve the week’s hardest · "&IF(E30<=3,"Revise LLD concepts","1 LLD design")&" · Read mistakes log · Half day off","DSA 10:10 · "&IF(MOD(WEEKDAY(A30,2),2)=1,"HLD","LLD")&IF(E30<=3," concepts"," design")&" 3:30 · Gen AI 5:30 · DSA 8:00 · "&IF(A30<DATE(2026,10,23),"DE practice exam",IF(A30=DATE(2026,10,23),"DATABRICKS EXAM DAY","Behavioral story + Gen AI hands-on"))&" · Review"))))) -> Re-solve the week’s hardest · 1 LLD design · Read mistakes log · Half day off | I30: — | J30: — | K30: — | M30: =IF(C30="Yes",0,COUNTIF(G30:L30,"Yes")) -> 0 | N30: =IF(C30="Yes",0,6-COUNTIF(G30:L30,"—")) -> 3
A31: 46335 | B31: Mon | D31: =IF(C31="Yes","",ROW()-1-COUNTIF($C$2:C31,"Yes")) -> 30 | E31: =IF(C31="Yes","",IF(D31>57,"Buffer",MIN(8,INT((D31-1)/7)+1))) -> 5 | F31: =IF(C31="Yes","Day off: the plan shifts forward one day",IF(D31>57,"Buffer: revision, weak topics, mock interviews",IF(D31=1,"Kickoff: two pointers basics + 2 easy problems · HLD intro (client-server, scaling) · Set up NeetCode list and notes",IF(WEEKDAY(A31,2)=6,"Contest or timed mock · "&IF(E31<=3,"Revise 2 HLD concepts","2 full HLD designs")&" · Deep dive (Kafka, hashing...) · Gen AI catch-up",IF(WEEKDAY(A31,2)=7,"Re-solve the week’s hardest · "&IF(E31<=3,"Revise LLD concepts","1 LLD design")&" · Read mistakes log · Half day off","DSA 10:10 · "&IF(MOD(WEEKDAY(A31,2),2)=1,"HLD","LLD")&IF(E31<=3," concepts"," design")&" 3:30 · Gen AI 5:30 · DSA 8:00 · "&IF(A31<DATE(2026,10,23),"DE practice exam",IF(A31=DATE(2026,10,23),"DATABRICKS EXAM DAY","Behavioral story + Gen AI hands-on"))&" · Review"))))) -> DSA 10:10 · HLD design 3:30 · Gen AI 5:30 · DSA 8:00 · Behavioral story + Gen AI hands-on · Review | M31: =IF(C31="Yes",0,COUNTIF(G31:L31,"Yes")) -> 0 | N31: =IF(C31="Yes",0,6-COUNTIF(G31:L31,"—")) -> 6
A32: 46336 | B32: Tue | D32: =IF(C32="Yes","",ROW()-1-COUNTIF($C$2:C32,"Yes")) -> 31 | E32: =IF(C32="Yes","",IF(D32>57,"Buffer",MIN(8,INT((D32-1)/7)+1))) -> 5 | F32: =IF(C32="Yes","Day off: the plan shifts forward one day",IF(D32>57,"Buffer: revision, weak topics, mock interviews",IF(D32=1,"Kickoff: two pointers basics + 2 easy problems · HLD intro (client-server, scaling) · Set up NeetCode list and notes",IF(WEEKDAY(A32,2)=6,"Contest or timed mock · "&IF(E32<=3,"Revise 2 HLD concepts","2 full HLD designs")&" · Deep dive (Kafka, hashing...) · Gen AI catch-up",IF(WEEKDAY(A32,2)=7,"Re-solve the week’s hardest · "&IF(E32<=3,"Revise LLD concepts","1 LLD design")&" · Read mistakes log · Half day off","DSA 10:10 · "&IF(MOD(WEEKDAY(A32,2),2)=1,"HLD","LLD")&IF(E32<=3," concepts"," design")&" 3:30 · Gen AI 5:30 · DSA 8:00 · "&IF(A32<DATE(2026,10,23),"DE practice exam",IF(A32=DATE(2026,10,23),"DATABRICKS EXAM DAY","Behavioral story + Gen AI hands-on"))&" · Review"))))) -> DSA 10:10 · LLD design 3:30 · Gen AI 5:30 · DSA 8:00 · Behavioral story + Gen AI hands-on · Review | M32: =IF(C32="Yes",0,COUNTIF(G32:L32,"Yes")) -> 0 | N32: =IF(C32="Yes",0,6-COUNTIF(G32:L32,"—")) -> 6
A33: 46337 | B33: Wed | D33: =IF(C33="Yes","",ROW()-1-COUNTIF($C$2:C33,"Yes")) -> 32 | E33: =IF(C33="Yes","",IF(D33>57,"Buffer",MIN(8,INT((D33-1)/7)+1))) -> 5 | F33: =IF(C33="Yes","Day off: the plan shifts forward one day",IF(D33>57,"Buffer: revision, weak topics, mock interviews",IF(D33=1,"Kickoff: two pointers basics + 2 easy problems · HLD intro (client-server, scaling) · Set up NeetCode list and notes",IF(WEEKDAY(A33,2)=6,"Contest or timed mock · "&IF(E33<=3,"Revise 2 HLD concepts","2 full HLD designs")&" · Deep dive (Kafka, hashing...) · Gen AI catch-up",IF(WEEKDAY(A33,2)=7,"Re-solve the week’s hardest · "&IF(E33<=3,"Revise LLD concepts","1 LLD design")&" · Read mistakes log · Half day off","DSA 10:10 · "&IF(MOD(WEEKDAY(A33,2),2)=1,"HLD","LLD")&IF(E33<=3," concepts"," design")&" 3:30 · Gen AI 5:30 · DSA 8:00 · "&IF(A33<DATE(2026,10,23),"DE practice exam",IF(A33=DATE(2026,10,23),"DATABRICKS EXAM DAY","Behavioral story + Gen AI hands-on"))&" · Review"))))) -> DSA 10:10 · HLD design 3:30 · Gen AI 5:30 · DSA 8:00 · Behavioral story + Gen AI hands-on · Review | M33: =IF(C33="Yes",0,COUNTIF(G33:L33,"Yes")) -> 0 | N33: =IF(C33="Yes",0,6-COUNTIF(G33:L33,"—")) -> 6
A34: 46338 | B34: Thu | D34: =IF(C34="Yes","",ROW()-1-COUNTIF($C$2:C34,"Yes")) -> 33 | E34: =IF(C34="Yes","",IF(D34>57,"Buffer",MIN(8,INT((D34-1)/7)+1))) -> 5 | F34: =IF(C34="Yes","Day off: the plan shifts forward one day",IF(D34>57,"Buffer: revision, weak topics, mock interviews",IF(D34=1,"Kickoff: two pointers basics + 2 easy problems · HLD intro (client-server, scaling) · Set up NeetCode list and notes",IF(WEEKDAY(A34,2)=6,"Contest or timed mock · "&IF(E34<=3,"Revise 2 HLD concepts","2 full HLD designs")&" · Deep dive (Kafka, hashing...) · Gen AI catch-up",IF(WEEKDAY(A34,2)=7,"Re-solve the week’s hardest · "&IF(E34<=3,"Revise LLD concepts","1 LLD design")&" · Read mistakes log · Half day off","DSA 10:10 · "&IF(MOD(WEEKDAY(A34,2),2)=1,"HLD","LLD")&IF(E34<=3," concepts"," design")&" 3:30 · Gen AI 5:30 · DSA 8:00 · "&IF(A34<DATE(2026,10,23),"DE practice exam",IF(A34=DATE(2026,10,23),"DATABRICKS EXAM DAY","Behavioral story + Gen AI hands-on"))&" · Review"))))) -> DSA 10:10 · LLD design 3:30 · Gen AI 5:30 · DSA 8:00 · Behavioral story + Gen AI hands-on · Review | M34: =IF(C34="Yes",0,COUNTIF(G34:L34,"Yes")) -> 0 | N34: =IF(C34="Yes",0,6-COUNTIF(G34:L34,"—")) -> 6
A35: 46339 | B35: Fri | D35: =IF(C35="Yes","",ROW()-1-COUNTIF($C$2:C35,"Yes")) -> 34 | E35: =IF(C35="Yes","",IF(D35>57,"Buffer",MIN(8,INT((D35-1)/7)+1))) -> 5 | F35: =IF(C35="Yes","Day off: the plan shifts forward one day",IF(D35>57,"Buffer: revision, weak topics, mock interviews",IF(D35=1,"Kickoff: two pointers basics + 2 easy problems · HLD intro (client-server, scaling) · Set up NeetCode list and notes",IF(WEEKDAY(A35,2)=6,"Contest or timed mock · "&IF(E35<=3,"Revise 2 HLD concepts","2 full HLD designs")&" · Deep dive (Kafka, hashing...) · Gen AI catch-up",IF(WEEKDAY(A35,2)=7,"Re-solve the week’s hardest · "&IF(E35<=3,"Revise LLD concepts","1 LLD design")&" · Read mistakes log · Half day off","DSA 10:10 · "&IF(MOD(WEEKDAY(A35,2),2)=1,"HLD","LLD")&IF(E35<=3," concepts"," design")&" 3:30 · Gen AI 5:30 · DSA 8:00 · "&IF(A35<DATE(2026,10,23),"DE practice exam",IF(A35=DATE(2026,10,23),"DATABRICKS EXAM DAY","Behavioral story + Gen AI hands-on"))&" · Review"))))) -> DSA 10:10 · HLD design 3:30 · Gen AI 5:30 · DSA 8:00 · Behavioral story + Gen AI hands-on · Review | M35: =IF(C35="Yes",0,COUNTIF(G35:L35,"Yes")) -> 0 | N35: =IF(C35="Yes",0,6-COUNTIF(G35:L35,"—")) -> 6
A36: 46340 | B36: Sat | D36: =IF(C36="Yes","",ROW()-1-COUNTIF($C$2:C36,"Yes")) -> 35 | E36: =IF(C36="Yes","",IF(D36>57,"Buffer",MIN(8,INT((D36-1)/7)+1))) -> 5 | F36: =IF(C36="Yes","Day off: the plan shifts forward one day",IF(D36>57,"Buffer: revision, weak topics, mock interviews",IF(D36=1,"Kickoff: two pointers basics + 2 easy problems · HLD intro (client-server, scaling) · Set up NeetCode list and notes",IF(WEEKDAY(A36,2)=6,"Contest or timed mock · "&IF(E36<=3,"Revise 2 HLD concepts","2 full HLD designs")&" · Deep dive (Kafka, hashing...) · Gen AI catch-up",IF(WEEKDAY(A36,2)=7,"Re-solve the week’s hardest · "&IF(E36<=3,"Revise LLD concepts","1 LLD design")&" · Read mistakes log · Half day off","DSA 10:10 · "&IF(MOD(WEEKDAY(A36,2),2)=1,"HLD","LLD")&IF(E36<=3," concepts"," design")&" 3:30 · Gen AI 5:30 · DSA 8:00 · "&IF(A36<DATE(2026,10,23),"DE practice exam",IF(A36=DATE(2026,10,23),"DATABRICKS EXAM DAY","Behavioral story + Gen AI hands-on"))&" · Review"))))) -> Contest or timed mock · 2 full HLD designs · Deep dive (Kafka, hashing...) · Gen AI catch-up | J36: — | L36: — | M36: =IF(C36="Yes",0,COUNTIF(G36:L36,"Yes")) -> 0 | N36: =IF(C36="Yes",0,6-COUNTIF(G36:L36,"—")) -> 4
A37: 46341 | B37: Sun | D37: =IF(C37="Yes","",ROW()-1-COUNTIF($C$2:C37,"Yes")) -> 36 | E37: =IF(C37="Yes","",IF(D37>57,"Buffer",MIN(8,INT((D37-1)/7)+1))) -> 6 | F37: =IF(C37="Yes","Day off: the plan shifts forward one day",IF(D37>57,"Buffer: revision, weak topics, mock interviews",IF(D37=1,"Kickoff: two pointers basics + 2 easy problems · HLD intro (client-server, scaling) · Set up NeetCode list and notes",IF(WEEKDAY(A37,2)=6,"Contest or timed mock · "&IF(E37<=3,"Revise 2 HLD concepts","2 full HLD designs")&" · Deep dive (Kafka, hashing...) · Gen AI catch-up",IF(WEEKDAY(A37,2)=7,"Re-solve the week’s hardest · "&IF(E37<=3,"Revise LLD concepts","1 LLD design")&" · Read mistakes log · Half day off","DSA 10:10 · "&IF(MOD(WEEKDAY(A37,2),2)=1,"HLD","LLD")&IF(E37<=3," concepts"," design")&" 3:30 · Gen AI 5:30 · DSA 8:00 · "&IF(A37<DATE(2026,10,23),"DE practice exam",IF(A37=DATE(2026,10,23),"DATABRICKS EXAM DAY","Behavioral story + Gen AI hands-on"))&" · Review"))))) -> Re-solve the week’s hardest · 1 LLD design · Read mistakes log · Half day off | I37: — | J37: — | K37: — | M37: =IF(C37="Yes",0,COUNTIF(G37:L37,"Yes")) -> 0 | N37: =IF(C37="Yes",0,6-COUNTIF(G37:L37,"—")) -> 3
A38: 46342 | B38: Mon | D38: =IF(C38="Yes","",ROW()-1-COUNTIF($C$2:C38,"Yes")) -> 37 | E38: =IF(C38="Yes","",IF(D38>57,"Buffer",MIN(8,INT((D38-1)/7)+1))) -> 6 | F38: =IF(C38="Yes","Day off: the plan shifts forward one day",IF(D38>57,"Buffer: revision, weak topics, mock interviews",IF(D38=1,"Kickoff: two pointers basics + 2 easy problems · HLD intro (client-server, scaling) · Set up NeetCode list and notes",IF(WEEKDAY(A38,2)=6,"Contest or timed mock · "&IF(E38<=3,"Revise 2 HLD concepts","2 full HLD designs")&" · Deep dive (Kafka, hashing...) · Gen AI catch-up",IF(WEEKDAY(A38,2)=7,"Re-solve the week’s hardest · "&IF(E38<=3,"Revise LLD concepts","1 LLD design")&" · Read mistakes log · Half day off","DSA 10:10 · "&IF(MOD(WEEKDAY(A38,2),2)=1,"HLD","LLD")&IF(E38<=3," concepts"," design")&" 3:30 · Gen AI 5:30 · DSA 8:00 · "&IF(A38<DATE(2026,10,23),"DE practice exam",IF(A38=DATE(2026,10,23),"DATABRICKS EXAM DAY","Behavioral story + Gen AI hands-on"))&" · Review"))))) -> DSA 10:10 · HLD design 3:30 · Gen AI 5:30 · DSA 8:00 · Behavioral story + Gen AI hands-on · Review | M38: =IF(C38="Yes",0,COUNTIF(G38:L38,"Yes")) -> 0 | N38: =IF(C38="Yes",0,6-COUNTIF(G38:L38,"—")) -> 6
A39: 46343 | B39: Tue | D39: =IF(C39="Yes","",ROW()-1-COUNTIF($C$2:C39,"Yes")) -> 38 | E39: =IF(C39="Yes","",IF(D39>57,"Buffer",MIN(8,INT((D39-1)/7)+1))) -> 6 | F39: =IF(C39="Yes","Day off: the plan shifts forward one day",IF(D39>57,"Buffer: revision, weak topics, mock interviews",IF(D39=1,"Kickoff: two pointers basics + 2 easy problems · HLD intro (client-server, scaling) · Set up NeetCode list and notes",IF(WEEKDAY(A39,2)=6,"Contest or timed mock · "&IF(E39<=3,"Revise 2 HLD concepts","2 full HLD designs")&" · Deep dive (Kafka, hashing...) · Gen AI catch-up",IF(WEEKDAY(A39,2)=7,"Re-solve the week’s hardest · "&IF(E39<=3,"Revise LLD concepts","1 LLD design")&" · Read mistakes log · Half day off","DSA 10:10 · "&IF(MOD(WEEKDAY(A39,2),2)=1,"HLD","LLD")&IF(E39<=3," concepts"," design")&" 3:30 · Gen AI 5:30 · DSA 8:00 · "&IF(A39<DATE(2026,10,23),"DE practice exam",IF(A39=DATE(2026,10,23),"DATABRICKS EXAM DAY","Behavioral story + Gen AI hands-on"))&" · Review"))))) -> DSA 10:10 · LLD design 3:30 · Gen AI 5:30 · DSA 8:00 · Behavioral story + Gen AI hands-on · Review | M39: =IF(C39="Yes",0,COUNTIF(G39:L39,"Yes")) -> 0 | N39: =IF(C39="Yes",0,6-COUNTIF(G39:L39,"—")) -> 6
A40: 46344 | B40: Wed | D40: =IF(C40="Yes","",ROW()-1-COUNTIF($C$2:C40,"Yes")) -> 39 | E40: =IF(C40="Yes","",IF(D40>57,"Buffer",MIN(8,INT((D40-1)/7)+1))) -> 6 | F40: =IF(C40="Yes","Day off: the plan shifts forward one day",IF(D40>57,"Buffer: revision, weak topics, mock interviews",IF(D40=1,"Kickoff: two pointers basics + 2 easy problems · HLD intro (client-server, scaling) · Set up NeetCode list and notes",IF(WEEKDAY(A40,2)=6,"Contest or timed mock · "&IF(E40<=3,"Revise 2 HLD concepts","2 full HLD designs")&" · Deep dive (Kafka, hashing...) · Gen AI catch-up",IF(WEEKDAY(A40,2)=7,"Re-solve the week’s hardest · "&IF(E40<=3,"Revise LLD concepts","1 LLD design")&" · Read mistakes log · Half day off","DSA 10:10 · "&IF(MOD(WEEKDAY(A40,2),2)=1,"HLD","LLD")&IF(E40<=3," concepts"," design")&" 3:30 · Gen AI 5:30 · DSA 8:00 · "&IF(A40<DATE(2026,10,23),"DE practice exam",IF(A40=DATE(2026,10,23),"DATABRICKS EXAM DAY","Behavioral story + Gen AI hands-on"))&" · Review"))))) -> DSA 10:10 · HLD design 3:30 · Gen AI 5:30 · DSA 8:00 · Behavioral story + Gen AI hands-on · Review | M40: =IF(C40="Yes",0,COUNTIF(G40:L40,"Yes")) -> 0 | N40: =IF(C40="Yes",0,6-COUNTIF(G40:L40,"—")) -> 6
A41: 46345 | B41: Thu | D41: =IF(C41="Yes","",ROW()-1-COUNTIF($C$2:C41,"Yes")) -> 40 | E41: =IF(C41="Yes","",IF(D41>57,"Buffer",MIN(8,INT((D41-1)/7)+1))) -> 6 | F41: =IF(C41="Yes","Day off: the plan shifts forward one day",IF(D41>57,"Buffer: revision, weak topics, mock interviews",IF(D41=1,"Kickoff: two pointers basics + 2 easy problems · HLD intro (client-server, scaling) · Set up NeetCode list and notes",IF(WEEKDAY(A41,2)=6,"Contest or timed mock · "&IF(E41<=3,"Revise 2 HLD concepts","2 full HLD designs")&" · Deep dive (Kafka, hashing...) · Gen AI catch-up",IF(WEEKDAY(A41,2)=7,"Re-solve the week’s hardest · "&IF(E41<=3,"Revise LLD concepts","1 LLD design")&" · Read mistakes log · Half day off","DSA 10:10 · "&IF(MOD(WEEKDAY(A41,2),2)=1,"HLD","LLD")&IF(E41<=3," concepts"," design")&" 3:30 · Gen AI 5:30 · DSA 8:00 · "&IF(A41<DATE(2026,10,23),"DE practice exam",IF(A41=DATE(2026,10,23),"DATABRICKS EXAM DAY","Behavioral story + Gen AI hands-on"))&" · Review"))))) -> DSA 10:10 · LLD design 3:30 · Gen AI 5:30 · DSA 8:00 · Behavioral story + Gen AI hands-on · Review | M41: =IF(C41="Yes",0,COUNTIF(G41:L41,"Yes")) -> 0 | N41: =IF(C41="Yes",0,6-COUNTIF(G41:L41,"—")) -> 6
A42: 46346 | B42: Fri | D42: =IF(C42="Yes","",ROW()-1-COUNTIF($C$2:C42,"Yes")) -> 41 | E42: =IF(C42="Yes","",IF(D42>57,"Buffer",MIN(8,INT((D42-1)/7)+1))) -> 6 | F42: =IF(C42="Yes","Day off: the plan shifts forward one day",IF(D42>57,"Buffer: revision, weak topics, mock interviews",IF(D42=1,"Kickoff: two pointers basics + 2 easy problems · HLD intro (client-server, scaling) · Set up NeetCode list and notes",IF(WEEKDAY(A42,2)=6,"Contest or timed mock · "&IF(E42<=3,"Revise 2 HLD concepts","2 full HLD designs")&" · Deep dive (Kafka, hashing...) · Gen AI catch-up",IF(WEEKDAY(A42,2)=7,"Re-solve the week’s hardest · "&IF(E42<=3,"Revise LLD concepts","1 LLD design")&" · Read mistakes log · Half day off","DSA 10:10 · "&IF(MOD(WEEKDAY(A42,2),2)=1,"HLD","LLD")&IF(E42<=3," concepts"," design")&" 3:30 · Gen AI 5:30 · DSA 8:00 · "&IF(A42<DATE(2026,10,23),"DE practice exam",IF(A42=DATE(2026,10,23),"DATABRICKS EXAM DAY","Behavioral story + Gen AI hands-on"))&" · Review"))))) -> DSA 10:10 · HLD design 3:30 · Gen AI 5:30 · DSA 8:00 · Behavioral story + Gen AI hands-on · Review | M42: =IF(C42="Yes",0,COUNTIF(G42:L42,"Yes")) -> 0 | N42: =IF(C42="Yes",0,6-COUNTIF(G42:L42,"—")) -> 6
A43: 46347 | B43: Sat | D43: =IF(C43="Yes","",ROW()-1-COUNTIF($C$2:C43,"Yes")) -> 42 | E43: =IF(C43="Yes","",IF(D43>57,"Buffer",MIN(8,INT((D43-1)/7)+1))) -> 6 | F43: =IF(C43="Yes","Day off: the plan shifts forward one day",IF(D43>57,"Buffer: revision, weak topics, mock interviews",IF(D43=1,"Kickoff: two pointers basics + 2 easy problems · HLD intro (client-server, scaling) · Set up NeetCode list and notes",IF(WEEKDAY(A43,2)=6,"Contest or timed mock · "&IF(E43<=3,"Revise 2 HLD concepts","2 full HLD designs")&" · Deep dive (Kafka, hashing...) · Gen AI catch-up",IF(WEEKDAY(A43,2)=7,"Re-solve the week’s hardest · "&IF(E43<=3,"Revise LLD concepts","1 LLD design")&" · Read mistakes log · Half day off","DSA 10:10 · "&IF(MOD(WEEKDAY(A43,2),2)=1,"HLD","LLD")&IF(E43<=3," concepts"," design")&" 3:30 · Gen AI 5:30 · DSA 8:00 · "&IF(A43<DATE(2026,10,23),"DE practice exam",IF(A43=DATE(2026,10,23),"DATABRICKS EXAM DAY","Behavioral story + Gen AI hands-on"))&" · Review"))))) -> Contest or timed mock · 2 full HLD designs · Deep dive (Kafka, hashing...) · Gen AI catch-up | J43: — | L43: — | M43: =IF(C43="Yes",0,COUNTIF(G43:L43,"Yes")) -> 0 | N43: =IF(C43="Yes",0,6-COUNTIF(G43:L43,"—")) -> 4
A44: 46348 | B44: Sun | D44: =IF(C44="Yes","",ROW()-1-COUNTIF($C$2:C44,"Yes")) -> 43 | E44: =IF(C44="Yes","",IF(D44>57,"Buffer",MIN(8,INT((D44-1)/7)+1))) -> 7 | F44: =IF(C44="Yes","Day off: the plan shifts forward one day",IF(D44>57,"Buffer: revision, weak topics, mock interviews",IF(D44=1,"Kickoff: two pointers basics + 2 easy problems · HLD intro (client-server, scaling) · Set up NeetCode list and notes",IF(WEEKDAY(A44,2)=6,"Contest or timed mock · "&IF(E44<=3,"Revise 2 HLD concepts","2 full HLD designs")&" · Deep dive (Kafka, hashing...) · Gen AI catch-up",IF(WEEKDAY(A44,2)=7,"Re-solve the week’s hardest · "&IF(E44<=3,"Revise LLD concepts","1 LLD design")&" · Read mistakes log · Half day off","DSA 10:10 · "&IF(MOD(WEEKDAY(A44,2),2)=1,"HLD","LLD")&IF(E44<=3," concepts"," design")&" 3:30 · Gen AI 5:30 · DSA 8:00 · "&IF(A44<DATE(2026,10,23),"DE practice exam",IF(A44=DATE(2026,10,23),"DATABRICKS EXAM DAY","Behavioral story + Gen AI hands-on"))&" · Review"))))) -> Re-solve the week’s hardest · 1 LLD design · Read mistakes log · Half day off | I44: — | J44: — | K44: — | M44: =IF(C44="Yes",0,COUNTIF(G44:L44,"Yes")) -> 0 | N44: =IF(C44="Yes",0,6-COUNTIF(G44:L44,"—")) -> 3
A45: 46349 | B45: Mon | D45: =IF(C45="Yes","",ROW()-1-COUNTIF($C$2:C45,"Yes")) -> 44 | E45: =IF(C45="Yes","",IF(D45>57,"Buffer",MIN(8,INT((D45-1)/7)+1))) -> 7 | F45: =IF(C45="Yes","Day off: the plan shifts forward one day",IF(D45>57,"Buffer: revision, weak topics, mock interviews",IF(D45=1,"Kickoff: two pointers basics + 2 easy problems · HLD intro (client-server, scaling) · Set up NeetCode list and notes",IF(WEEKDAY(A45,2)=6,"Contest or timed mock · "&IF(E45<=3,"Revise 2 HLD concepts","2 full HLD designs")&" · Deep dive (Kafka, hashing...) · Gen AI catch-up",IF(WEEKDAY(A45,2)=7,"Re-solve the week’s hardest · "&IF(E45<=3,"Revise LLD concepts","1 LLD design")&" · Read mistakes log · Half day off","DSA 10:10 · "&IF(MOD(WEEKDAY(A45,2),2)=1,"HLD","LLD")&IF(E45<=3," concepts"," design")&" 3:30 · Gen AI 5:30 · DSA 8:00 · "&IF(A45<DATE(2026,10,23),"DE practice exam",IF(A45=DATE(2026,10,23),"DATABRICKS EXAM DAY","Behavioral story + Gen AI hands-on"))&" · Review"))))) -> DSA 10:10 · HLD design 3:30 · Gen AI 5:30 · DSA 8:00 · Behavioral story + Gen AI hands-on · Review | M45: =IF(C45="Yes",0,COUNTIF(G45:L45,"Yes")) -> 0 | N45: =IF(C45="Yes",0,6-COUNTIF(G45:L45,"—")) -> 6
A46: 46350 | B46: Tue | D46: =IF(C46="Yes","",ROW()-1-COUNTIF($C$2:C46,"Yes")) -> 45 | E46: =IF(C46="Yes","",IF(D46>57,"Buffer",MIN(8,INT((D46-1)/7)+1))) -> 7 | F46: =IF(C46="Yes","Day off: the plan shifts forward one day",IF(D46>57,"Buffer: revision, weak topics, mock interviews",IF(D46=1,"Kickoff: two pointers basics + 2 easy problems · HLD intro (client-server, scaling) · Set up NeetCode list and notes",IF(WEEKDAY(A46,2)=6,"Contest or timed mock · "&IF(E46<=3,"Revise 2 HLD concepts","2 full HLD designs")&" · Deep dive (Kafka, hashing...) · Gen AI catch-up",IF(WEEKDAY(A46,2)=7,"Re-solve the week’s hardest · "&IF(E46<=3,"Revise LLD concepts","1 LLD design")&" · Read mistakes log · Half day off","DSA 10:10 · "&IF(MOD(WEEKDAY(A46,2),2)=1,"HLD","LLD")&IF(E46<=3," concepts"," design")&" 3:30 · Gen AI 5:30 · DSA 8:00 · "&IF(A46<DATE(2026,10,23),"DE practice exam",IF(A46=DATE(2026,10,23),"DATABRICKS EXAM DAY","Behavioral story + Gen AI hands-on"))&" · Review"))))) -> DSA 10:10 · LLD design 3:30 · Gen AI 5:30 · DSA 8:00 · Behavioral story + Gen AI hands-on · Review | M46: =IF(C46="Yes",0,COUNTIF(G46:L46,"Yes")) -> 0 | N46: =IF(C46="Yes",0,6-COUNTIF(G46:L46,"—")) -> 6
A47: 46351 | B47: Wed | D47: =IF(C47="Yes","",ROW()-1-COUNTIF($C$2:C47,"Yes")) -> 46 | E47: =IF(C47="Yes","",IF(D47>57,"Buffer",MIN(8,INT((D47-1)/7)+1))) -> 7 | F47: =IF(C47="Yes","Day off: the plan shifts forward one day",IF(D47>57,"Buffer: revision, weak topics, mock interviews",IF(D47=1,"Kickoff: two pointers basics + 2 easy problems · HLD intro (client-server, scaling) · Set up NeetCode list and notes",IF(WEEKDAY(A47,2)=6,"Contest or timed mock · "&IF(E47<=3,"Revise 2 HLD concepts","2 full HLD designs")&" · Deep dive (Kafka, hashing...) · Gen AI catch-up",IF(WEEKDAY(A47,2)=7,"Re-solve the week’s hardest · "&IF(E47<=3,"Revise LLD concepts","1 LLD design")&" · Read mistakes log · Half day off","DSA 10:10 · "&IF(MOD(WEEKDAY(A47,2),2)=1,"HLD","LLD")&IF(E47<=3," concepts"," design")&" 3:30 · Gen AI 5:30 · DSA 8:00 · "&IF(A47<DATE(2026,10,23),"DE practice exam",IF(A47=DATE(2026,10,23),"DATABRICKS EXAM DAY","Behavioral story + Gen AI hands-on"))&" · Review"))))) -> DSA 10:10 · HLD design 3:30 · Gen AI 5:30 · DSA 8:00 · Behavioral story + Gen AI hands-on · Review | M47: =IF(C47="Yes",0,COUNTIF(G47:L47,"Yes")) -> 0 | N47: =IF(C47="Yes",0,6-COUNTIF(G47:L47,"—")) -> 6
A48: 46352 | B48: Thu | D48: =IF(C48="Yes","",ROW()-1-COUNTIF($C$2:C48,"Yes")) -> 47 | E48: =IF(C48="Yes","",IF(D48>57,"Buffer",MIN(8,INT((D48-1)/7)+1))) -> 7 | F48: =IF(C48="Yes","Day off: the plan shifts forward one day",IF(D48>57,"Buffer: revision, weak topics, mock interviews",IF(D48=1,"Kickoff: two pointers basics + 2 easy problems · HLD intro (client-server, scaling) · Set up NeetCode list and notes",IF(WEEKDAY(A48,2)=6,"Contest or timed mock · "&IF(E48<=3,"Revise 2 HLD concepts","2 full HLD designs")&" · Deep dive (Kafka, hashing...) · Gen AI catch-up",IF(WEEKDAY(A48,2)=7,"Re-solve the week’s hardest · "&IF(E48<=3,"Revise LLD concepts","1 LLD design")&" · Read mistakes log · Half day off","DSA 10:10 · "&IF(MOD(WEEKDAY(A48,2),2)=1,"HLD","LLD")&IF(E48<=3," concepts"," design")&" 3:30 · Gen AI 5:30 · DSA 8:00 · "&IF(A48<DATE(2026,10,23),"DE practice exam",IF(A48=DATE(2026,10,23),"DATABRICKS EXAM DAY","Behavioral story + Gen AI hands-on"))&" · Review"))))) -> DSA 10:10 · LLD design 3:30 · Gen AI 5:30 · DSA 8:00 · Behavioral story + Gen AI hands-on · Review | M48: =IF(C48="Yes",0,COUNTIF(G48:L48,"Yes")) -> 0 | N48: =IF(C48="Yes",0,6-COUNTIF(G48:L48,"—")) -> 6
A49: 46353 | B49: Fri | D49: =IF(C49="Yes","",ROW()-1-COUNTIF($C$2:C49,"Yes")) -> 48 | E49: =IF(C49="Yes","",IF(D49>57,"Buffer",MIN(8,INT((D49-1)/7)+1))) -> 7 | F49: =IF(C49="Yes","Day off: the plan shifts forward one day",IF(D49>57,"Buffer: revision, weak topics, mock interviews",IF(D49=1,"Kickoff: two pointers basics + 2 easy problems · HLD intro (client-server, scaling) · Set up NeetCode list and notes",IF(WEEKDAY(A49,2)=6,"Contest or timed mock · "&IF(E49<=3,"Revise 2 HLD concepts","2 full HLD designs")&" · Deep dive (Kafka, hashing...) · Gen AI catch-up",IF(WEEKDAY(A49,2)=7,"Re-solve the week’s hardest · "&IF(E49<=3,"Revise LLD concepts","1 LLD design")&" · Read mistakes log · Half day off","DSA 10:10 · "&IF(MOD(WEEKDAY(A49,2),2)=1,"HLD","LLD")&IF(E49<=3," concepts"," design")&" 3:30 · Gen AI 5:30 · DSA 8:00 · "&IF(A49<DATE(2026,10,23),"DE practice exam",IF(A49=DATE(2026,10,23),"DATABRICKS EXAM DAY","Behavioral story + Gen AI hands-on"))&" · Review"))))) -> DSA 10:10 · HLD design 3:30 · Gen AI 5:30 · DSA 8:00 · Behavioral story + Gen AI hands-on · Review | M49: =IF(C49="Yes",0,COUNTIF(G49:L49,"Yes")) -> 0 | N49: =IF(C49="Yes",0,6-COUNTIF(G49:L49,"—")) -> 6
A50: 46354 | B50: Sat | D50: =IF(C50="Yes","",ROW()-1-COUNTIF($C$2:C50,"Yes")) -> 49 | E50: =IF(C50="Yes","",IF(D50>57,"Buffer",MIN(8,INT((D50-1)/7)+1))) -> 7 | F50: =IF(C50="Yes","Day off: the plan shifts forward one day",IF(D50>57,"Buffer: revision, weak topics, mock interviews",IF(D50=1,"Kickoff: two pointers basics + 2 easy problems · HLD intro (client-server, scaling) · Set up NeetCode list and notes",IF(WEEKDAY(A50,2)=6,"Contest or timed mock · "&IF(E50<=3,"Revise 2 HLD concepts","2 full HLD designs")&" · Deep dive (Kafka, hashing...) · Gen AI catch-up",IF(WEEKDAY(A50,2)=7,"Re-solve the week’s hardest · "&IF(E50<=3,"Revise LLD concepts","1 LLD design")&" · Read mistakes log · Half day off","DSA 10:10 · "&IF(MOD(WEEKDAY(A50,2),2)=1,"HLD","LLD")&IF(E50<=3," concepts"," design")&" 3:30 · Gen AI 5:30 · DSA 8:00 · "&IF(A50<DATE(2026,10,23),"DE practice exam",IF(A50=DATE(2026,10,23),"DATABRICKS EXAM DAY","Behavioral story + Gen AI hands-on"))&" · Review"))))) -> Contest or timed mock · 2 full HLD designs · Deep dive (Kafka, hashing...) · Gen AI catch-up | J50: — | L50: — | M50: =IF(C50="Yes",0,COUNTIF(G50:L50,"Yes")) -> 0 | N50: =IF(C50="Yes",0,6-COUNTIF(G50:L50,"—")) -> 4
A51: 46355 | B51: Sun | D51: =IF(C51="Yes","",ROW()-1-COUNTIF($C$2:C51,"Yes")) -> 50 | E51: =IF(C51="Yes","",IF(D51>57,"Buffer",MIN(8,INT((D51-1)/7)+1))) -> 8 | F51: =IF(C51="Yes","Day off: the plan shifts forward one day",IF(D51>57,"Buffer: revision, weak topics, mock interviews",IF(D51=1,"Kickoff: two pointers basics + 2 easy problems · HLD intro (client-server, scaling) · Set up NeetCode list and notes",IF(WEEKDAY(A51,2)=6,"Contest or timed mock · "&IF(E51<=3,"Revise 2 HLD concepts","2 full HLD designs")&" · Deep dive (Kafka, hashing...) · Gen AI catch-up",IF(WEEKDAY(A51,2)=7,"Re-solve the week’s hardest · "&IF(E51<=3,"Revise LLD concepts","1 LLD design")&" · Read mistakes log · Half day off","DSA 10:10 · "&IF(MOD(WEEKDAY(A51,2),2)=1,"HLD","LLD")&IF(E51<=3," concepts"," design")&" 3:30 · Gen AI 5:30 · DSA 8:00 · "&IF(A51<DATE(2026,10,23),"DE practice exam",IF(A51=DATE(2026,10,23),"DATABRICKS EXAM DAY","Behavioral story + Gen AI hands-on"))&" · Review"))))) -> Re-solve the week’s hardest · 1 LLD design · Read mistakes log · Half day off | I51: — | J51: — | K51: — | M51: =IF(C51="Yes",0,COUNTIF(G51:L51,"Yes")) -> 0 | N51: =IF(C51="Yes",0,6-COUNTIF(G51:L51,"—")) -> 3
A52: 46356 | B52: Mon | D52: =IF(C52="Yes","",ROW()-1-COUNTIF($C$2:C52,"Yes")) -> 51 | E52: =IF(C52="Yes","",IF(D52>57,"Buffer",MIN(8,INT((D52-1)/7)+1))) -> 8 | F52: =IF(C52="Yes","Day off: the plan shifts forward one day",IF(D52>57,"Buffer: revision, weak topics, mock interviews",IF(D52=1,"Kickoff: two pointers basics + 2 easy problems · HLD intro (client-server, scaling) · Set up NeetCode list and notes",IF(WEEKDAY(A52,2)=6,"Contest or timed mock · "&IF(E52<=3,"Revise 2 HLD concepts","2 full HLD designs")&" · Deep dive (Kafka, hashing...) · Gen AI catch-up",IF(WEEKDAY(A52,2)=7,"Re-solve the week’s hardest · "&IF(E52<=3,"Revise LLD concepts","1 LLD design")&" · Read mistakes log · Half day off","DSA 10:10 · "&IF(MOD(WEEKDAY(A52,2),2)=1,"HLD","LLD")&IF(E52<=3," concepts"," design")&" 3:30 · Gen AI 5:30 · DSA 8:00 · "&IF(A52<DATE(2026,10,23),"DE practice exam",IF(A52=DATE(2026,10,23),"DATABRICKS EXAM DAY","Behavioral story + Gen AI hands-on"))&" · Review"))))) -> DSA 10:10 · HLD design 3:30 · Gen AI 5:30 · DSA 8:00 · Behavioral story + Gen AI hands-on · Review | M52: =IF(C52="Yes",0,COUNTIF(G52:L52,"Yes")) -> 0 | N52: =IF(C52="Yes",0,6-COUNTIF(G52:L52,"—")) -> 6
A53: 46357 | B53: Tue | D53: =IF(C53="Yes","",ROW()-1-COUNTIF($C$2:C53,"Yes")) -> 52 | E53: =IF(C53="Yes","",IF(D53>57,"Buffer",MIN(8,INT((D53-1)/7)+1))) -> 8 | F53: =IF(C53="Yes","Day off: the plan shifts forward one day",IF(D53>57,"Buffer: revision, weak topics, mock interviews",IF(D53=1,"Kickoff: two pointers basics + 2 easy problems · HLD intro (client-server, scaling) · Set up NeetCode list and notes",IF(WEEKDAY(A53,2)=6,"Contest or timed mock · "&IF(E53<=3,"Revise 2 HLD concepts","2 full HLD designs")&" · Deep dive (Kafka, hashing...) · Gen AI catch-up",IF(WEEKDAY(A53,2)=7,"Re-solve the week’s hardest · "&IF(E53<=3,"Revise LLD concepts","1 LLD design")&" · Read mistakes log · Half day off","DSA 10:10 · "&IF(MOD(WEEKDAY(A53,2),2)=1,"HLD","LLD")&IF(E53<=3," concepts"," design")&" 3:30 · Gen AI 5:30 · DSA 8:00 · "&IF(A53<DATE(2026,10,23),"DE practice exam",IF(A53=DATE(2026,10,23),"DATABRICKS EXAM DAY","Behavioral story + Gen AI hands-on"))&" · Review"))))) -> DSA 10:10 · LLD design 3:30 · Gen AI 5:30 · DSA 8:00 · Behavioral story + Gen AI hands-on · Review | M53: =IF(C53="Yes",0,COUNTIF(G53:L53,"Yes")) -> 0 | N53: =IF(C53="Yes",0,6-COUNTIF(G53:L53,"—")) -> 6
A54: 46358 | B54: Wed | D54: =IF(C54="Yes","",ROW()-1-COUNTIF($C$2:C54,"Yes")) -> 53 | E54: =IF(C54="Yes","",IF(D54>57,"Buffer",MIN(8,INT((D54-1)/7)+1))) -> 8 | F54: =IF(C54="Yes","Day off: the plan shifts forward one day",IF(D54>57,"Buffer: revision, weak topics, mock interviews",IF(D54=1,"Kickoff: two pointers basics + 2 easy problems · HLD intro (client-server, scaling) · Set up NeetCode list and notes",IF(WEEKDAY(A54,2)=6,"Contest or timed mock · "&IF(E54<=3,"Revise 2 HLD concepts","2 full HLD designs")&" · Deep dive (Kafka, hashing...) · Gen AI catch-up",IF(WEEKDAY(A54,2)=7,"Re-solve the week’s hardest · "&IF(E54<=3,"Revise LLD concepts","1 LLD design")&" · Read mistakes log · Half day off","DSA 10:10 · "&IF(MOD(WEEKDAY(A54,2),2)=1,"HLD","LLD")&IF(E54<=3," concepts"," design")&" 3:30 · Gen AI 5:30 · DSA 8:00 · "&IF(A54<DATE(2026,10,23),"DE practice exam",IF(A54=DATE(2026,10,23),"DATABRICKS EXAM DAY","Behavioral story + Gen AI hands-on"))&" · Review"))))) -> DSA 10:10 · HLD design 3:30 · Gen AI 5:30 · DSA 8:00 · Behavioral story + Gen AI hands-on · Review | M54: =IF(C54="Yes",0,COUNTIF(G54:L54,"Yes")) -> 0 | N54: =IF(C54="Yes",0,6-COUNTIF(G54:L54,"—")) -> 6
A55: 46359 | B55: Thu | D55: =IF(C55="Yes","",ROW()-1-COUNTIF($C$2:C55,"Yes")) -> 54 | E55: =IF(C55="Yes","",IF(D55>57,"Buffer",MIN(8,INT((D55-1)/7)+1))) -> 8 | F55: =IF(C55="Yes","Day off: the plan shifts forward one day",IF(D55>57,"Buffer: revision, weak topics, mock interviews",IF(D55=1,"Kickoff: two pointers basics + 2 easy problems · HLD intro (client-server, scaling) · Set up NeetCode list and notes",IF(WEEKDAY(A55,2)=6,"Contest or timed mock · "&IF(E55<=3,"Revise 2 HLD concepts","2 full HLD designs")&" · Deep dive (Kafka, hashing...) · Gen AI catch-up",IF(WEEKDAY(A55,2)=7,"Re-solve the week’s hardest · "&IF(E55<=3,"Revise LLD concepts","1 LLD design")&" · Read mistakes log · Half day off","DSA 10:10 · "&IF(MOD(WEEKDAY(A55,2),2)=1,"HLD","LLD")&IF(E55<=3," concepts"," design")&" 3:30 · Gen AI 5:30 · DSA 8:00 · "&IF(A55<DATE(2026,10,23),"DE practice exam",IF(A55=DATE(2026,10,23),"DATABRICKS EXAM DAY","Behavioral story + Gen AI hands-on"))&" · Review"))))) -> DSA 10:10 · LLD design 3:30 · Gen AI 5:30 · DSA 8:00 · Behavioral story + Gen AI hands-on · Review | M55: =IF(C55="Yes",0,COUNTIF(G55:L55,"Yes")) -> 0 | N55: =IF(C55="Yes",0,6-COUNTIF(G55:L55,"—")) -> 6
A56: 46360 | B56: Fri | D56: =IF(C56="Yes","",ROW()-1-COUNTIF($C$2:C56,"Yes")) -> 55 | E56: =IF(C56="Yes","",IF(D56>57,"Buffer",MIN(8,INT((D56-1)/7)+1))) -> 8 | F56: =IF(C56="Yes","Day off: the plan shifts forward one day",IF(D56>57,"Buffer: revision, weak topics, mock interviews",IF(D56=1,"Kickoff: two pointers basics + 2 easy problems · HLD intro (client-server, scaling) · Set up NeetCode list and notes",IF(WEEKDAY(A56,2)=6,"Contest or timed mock · "&IF(E56<=3,"Revise 2 HLD concepts","2 full HLD designs")&" · Deep dive (Kafka, hashing...) · Gen AI catch-up",IF(WEEKDAY(A56,2)=7,"Re-solve the week’s hardest · "&IF(E56<=3,"Revise LLD concepts","1 LLD design")&" · Read mistakes log · Half day off","DSA 10:10 · "&IF(MOD(WEEKDAY(A56,2),2)=1,"HLD","LLD")&IF(E56<=3," concepts"," design")&" 3:30 · Gen AI 5:30 · DSA 8:00 · "&IF(A56<DATE(2026,10,23),"DE practice exam",IF(A56=DATE(2026,10,23),"DATABRICKS EXAM DAY","Behavioral story + Gen AI hands-on"))&" · Review"))))) -> DSA 10:10 · HLD design 3:30 · Gen AI 5:30 · DSA 8:00 · Behavioral story + Gen AI hands-on · Review | M56: =IF(C56="Yes",0,COUNTIF(G56:L56,"Yes")) -> 0 | N56: =IF(C56="Yes",0,6-COUNTIF(G56:L56,"—")) -> 6
A57: 46361 | B57: Sat | D57: =IF(C57="Yes","",ROW()-1-COUNTIF($C$2:C57,"Yes")) -> 56 | E57: =IF(C57="Yes","",IF(D57>57,"Buffer",MIN(8,INT((D57-1)/7)+1))) -> 8 | F57: =IF(C57="Yes","Day off: the plan shifts forward one day",IF(D57>57,"Buffer: revision, weak topics, mock interviews",IF(D57=1,"Kickoff: two pointers basics + 2 easy problems · HLD intro (client-server, scaling) · Set up NeetCode list and notes",IF(WEEKDAY(A57,2)=6,"Contest or timed mock · "&IF(E57<=3,"Revise 2 HLD concepts","2 full HLD designs")&" · Deep dive (Kafka, hashing...) · Gen AI catch-up",IF(WEEKDAY(A57,2)=7,"Re-solve the week’s hardest · "&IF(E57<=3,"Revise LLD concepts","1 LLD design")&" · Read mistakes log · Half day off","DSA 10:10 · "&IF(MOD(WEEKDAY(A57,2),2)=1,"HLD","LLD")&IF(E57<=3," concepts"," design")&" 3:30 · Gen AI 5:30 · DSA 8:00 · "&IF(A57<DATE(2026,10,23),"DE practice exam",IF(A57=DATE(2026,10,23),"DATABRICKS EXAM DAY","Behavioral story + Gen AI hands-on"))&" · Review"))))) -> Contest or timed mock · 2 full HLD designs · Deep dive (Kafka, hashing...) · Gen AI catch-up | J57: — | L57: — | M57: =IF(C57="Yes",0,COUNTIF(G57:L57,"Yes")) -> 0 | N57: =IF(C57="Yes",0,6-COUNTIF(G57:L57,"—")) -> 4
A58: 46362 | B58: Sun | D58: =IF(C58="Yes","",ROW()-1-COUNTIF($C$2:C58,"Yes")) -> 57 | E58: =IF(C58="Yes","",IF(D58>57,"Buffer",MIN(8,INT((D58-1)/7)+1))) -> 8 | F58: =IF(C58="Yes","Day off: the plan shifts forward one day",IF(D58>57,"Buffer: revision, weak topics, mock interviews",IF(D58=1,"Kickoff: two pointers basics + 2 easy problems · HLD intro (client-server, scaling) · Set up NeetCode list and notes",IF(WEEKDAY(A58,2)=6,"Contest or timed mock · "&IF(E58<=3,"Revise 2 HLD concepts","2 full HLD designs")&" · Deep dive (Kafka, hashing...) · Gen AI catch-up",IF(WEEKDAY(A58,2)=7,"Re-solve the week’s hardest · "&IF(E58<=3,"Revise LLD concepts","1 LLD design")&" · Read mistakes log · Half day off","DSA 10:10 · "&IF(MOD(WEEKDAY(A58,2),2)=1,"HLD","LLD")&IF(E58<=3," concepts"," design")&" 3:30 · Gen AI 5:30 · DSA 8:00 · "&IF(A58<DATE(2026,10,23),"DE practice exam",IF(A58=DATE(2026,10,23),"DATABRICKS EXAM DAY","Behavioral story + Gen AI hands-on"))&" · Review"))))) -> Re-solve the week’s hardest · 1 LLD design · Read mistakes log · Half day off | I58: — | J58: — | K58: — | M58: =IF(C58="Yes",0,COUNTIF(G58:L58,"Yes")) -> 0 | N58: =IF(C58="Yes",0,6-COUNTIF(G58:L58,"—")) -> 3
A59: 46363 | B59: Mon | D59: =IF(C59="Yes","",ROW()-1-COUNTIF($C$2:C59,"Yes")) -> 58 | E59: =IF(C59="Yes","",IF(D59>57,"Buffer",MIN(8,INT((D59-1)/7)+1))) -> Buffer | F59: =IF(C59="Yes","Day off: the plan shifts forward one day",IF(D59>57,"Buffer: revision, weak topics, mock interviews",IF(D59=1,"Kickoff: two pointers basics + 2 easy problems · HLD intro (client-server, scaling) · Set up NeetCode list and notes",IF(WEEKDAY(A59,2)=6,"Contest or timed mock · "&IF(E59<=3,"Revise 2 HLD concepts","2 full HLD designs")&" · Deep dive (Kafka, hashing...) · Gen AI catch-up",IF(WEEKDAY(A59,2)=7,"Re-solve the week’s hardest · "&IF(E59<=3,"Revise LLD concepts","1 LLD design")&" · Read mistakes log · Half day off","DSA 10:10 · "&IF(MOD(WEEKDAY(A59,2),2)=1,"HLD","LLD")&IF(E59<=3," concepts"," design")&" 3:30 · Gen AI 5:30 · DSA 8:00 · "&IF(A59<DATE(2026,10,23),"DE practice exam",IF(A59=DATE(2026,10,23),"DATABRICKS EXAM DAY","Behavioral story + Gen AI hands-on"))&" · Review"))))) -> Buffer: revision, weak topics, mock interviews | M59: =IF(C59="Yes",0,COUNTIF(G59:L59,"Yes")) -> 0 | N59: =IF(C59="Yes",0,6-COUNTIF(G59:L59,"—")) -> 6
A60: 46364 | B60: Tue | D60: =IF(C60="Yes","",ROW()-1-COUNTIF($C$2:C60,"Yes")) -> 59 | E60: =IF(C60="Yes","",IF(D60>57,"Buffer",MIN(8,INT((D60-1)/7)+1))) -> Buffer | F60: =IF(C60="Yes","Day off: the plan shifts forward one day",IF(D60>57,"Buffer: revision, weak topics, mock interviews",IF(D60=1,"Kickoff: two pointers basics + 2 easy problems · HLD intro (client-server, scaling) · Set up NeetCode list and notes",IF(WEEKDAY(A60,2)=6,"Contest or timed mock · "&IF(E60<=3,"Revise 2 HLD concepts","2 full HLD designs")&" · Deep dive (Kafka, hashing...) · Gen AI catch-up",IF(WEEKDAY(A60,2)=7,"Re-solve the week’s hardest · "&IF(E60<=3,"Revise LLD concepts","1 LLD design")&" · Read mistakes log · Half day off","DSA 10:10 · "&IF(MOD(WEEKDAY(A60,2),2)=1,"HLD","LLD")&IF(E60<=3," concepts"," design")&" 3:30 · Gen AI 5:30 · DSA 8:00 · "&IF(A60<DATE(2026,10,23),"DE practice exam",IF(A60=DATE(2026,10,23),"DATABRICKS EXAM DAY","Behavioral story + Gen AI hands-on"))&" · Review"))))) -> Buffer: revision, weak topics, mock interviews | M60: =IF(C60="Yes",0,COUNTIF(G60:L60,"Yes")) -> 0 | N60: =IF(C60="Yes",0,6-COUNTIF(G60:L60,"—")) -> 6
A61: 46365 | B61: Wed | D61: =IF(C61="Yes","",ROW()-1-COUNTIF($C$2:C61,"Yes")) -> 60 | E61: =IF(C61="Yes","",IF(D61>57,"Buffer",MIN(8,INT((D61-1)/7)+1))) -> Buffer | F61: =IF(C61="Yes","Day off: the plan shifts forward one day",IF(D61>57,"Buffer: revision, weak topics, mock interviews",IF(D61=1,"Kickoff: two pointers basics + 2 easy problems · HLD intro (client-server, scaling) · Set up NeetCode list and notes",IF(WEEKDAY(A61,2)=6,"Contest or timed mock · "&IF(E61<=3,"Revise 2 HLD concepts","2 full HLD designs")&" · Deep dive (Kafka, hashing...) · Gen AI catch-up",IF(WEEKDAY(A61,2)=7,"Re-solve the week’s hardest · "&IF(E61<=3,"Revise LLD concepts","1 LLD design")&" · Read mistakes log · Half day off","DSA 10:10 · "&IF(MOD(WEEKDAY(A61,2),2)=1,"HLD","LLD")&IF(E61<=3," concepts"," design")&" 3:30 · Gen AI 5:30 · DSA 8:00 · "&IF(A61<DATE(2026,10,23),"DE practice exam",IF(A61=DATE(2026,10,23),"DATABRICKS EXAM DAY","Behavioral story + Gen AI hands-on"))&" · Review"))))) -> Buffer: revision, weak topics, mock interviews | M61: =IF(C61="Yes",0,COUNTIF(G61:L61,"Yes")) -> 0 | N61: =IF(C61="Yes",0,6-COUNTIF(G61:L61,"—")) -> 6
A62: 46366 | B62: Thu | D62: =IF(C62="Yes","",ROW()-1-COUNTIF($C$2:C62,"Yes")) -> 61 | E62: =IF(C62="Yes","",IF(D62>57,"Buffer",MIN(8,INT((D62-1)/7)+1))) -> Buffer | F62: =IF(C62="Yes","Day off: the plan shifts forward one day",IF(D62>57,"Buffer: revision, weak topics, mock interviews",IF(D62=1,"Kickoff: two pointers basics + 2 easy problems · HLD intro (client-server, scaling) · Set up NeetCode list and notes",IF(WEEKDAY(A62,2)=6,"Contest or timed mock · "&IF(E62<=3,"Revise 2 HLD concepts","2 full HLD designs")&" · Deep dive (Kafka, hashing...) · Gen AI catch-up",IF(WEEKDAY(A62,2)=7,"Re-solve the week’s hardest · "&IF(E62<=3,"Revise LLD concepts","1 LLD design")&" · Read mistakes log · Half day off","DSA 10:10 · "&IF(MOD(WEEKDAY(A62,2),2)=1,"HLD","LLD")&IF(E62<=3," concepts"," design")&" 3:30 · Gen AI 5:30 · DSA 8:00 · "&IF(A62<DATE(2026,10,23),"DE practice exam",IF(A62=DATE(2026,10,23),"DATABRICKS EXAM DAY","Behavioral story + Gen AI hands-on"))&" · Review"))))) -> Buffer: revision, weak topics, mock interviews | M62: =IF(C62="Yes",0,COUNTIF(G62:L62,"Yes")) -> 0 | N62: =IF(C62="Yes",0,6-COUNTIF(G62:L62,"—")) -> 6
A63: 46367 | B63: Fri | D63: =IF(C63="Yes","",ROW()-1-COUNTIF($C$2:C63,"Yes")) -> 62 | E63: =IF(C63="Yes","",IF(D63>57,"Buffer",MIN(8,INT((D63-1)/7)+1))) -> Buffer | F63: =IF(C63="Yes","Day off: the plan shifts forward one day",IF(D63>57,"Buffer: revision, weak topics, mock interviews",IF(D63=1,"Kickoff: two pointers basics + 2 easy problems · HLD intro (client-server, scaling) · Set up NeetCode list and notes",IF(WEEKDAY(A63,2)=6,"Contest or timed mock · "&IF(E63<=3,"Revise 2 HLD concepts","2 full HLD designs")&" · Deep dive (Kafka, hashing...) · Gen AI catch-up",IF(WEEKDAY(A63,2)=7,"Re-solve the week’s hardest · "&IF(E63<=3,"Revise LLD concepts","1 LLD design")&" · Read mistakes log · Half day off","DSA 10:10 · "&IF(MOD(WEEKDAY(A63,2),2)=1,"HLD","LLD")&IF(E63<=3," concepts"," design")&" 3:30 · Gen AI 5:30 · DSA 8:00 · "&IF(A63<DATE(2026,10,23),"DE practice exam",IF(A63=DATE(2026,10,23),"DATABRICKS EXAM DAY","Behavioral story + Gen AI hands-on"))&" · Review"))))) -> Buffer: revision, weak topics, mock interviews | M63: =IF(C63="Yes",0,COUNTIF(G63:L63,"Yes")) -> 0 | N63: =IF(C63="Yes",0,6-COUNTIF(G63:L63,"—")) -> 6
A64: 46368 | B64: Sat | D64: =IF(C64="Yes","",ROW()-1-COUNTIF($C$2:C64,"Yes")) -> 63 | E64: =IF(C64="Yes","",IF(D64>57,"Buffer",MIN(8,INT((D64-1)/7)+1))) -> Buffer | F64: =IF(C64="Yes","Day off: the plan shifts forward one day",IF(D64>57,"Buffer: revision, weak topics, mock interviews",IF(D64=1,"Kickoff: two pointers basics + 2 easy problems · HLD intro (client-server, scaling) · Set up NeetCode list and notes",IF(WEEKDAY(A64,2)=6,"Contest or timed mock · "&IF(E64<=3,"Revise 2 HLD concepts","2 full HLD designs")&" · Deep dive (Kafka, hashing...) · Gen AI catch-up",IF(WEEKDAY(A64,2)=7,"Re-solve the week’s hardest · "&IF(E64<=3,"Revise LLD concepts","1 LLD design")&" · Read mistakes log · Half day off","DSA 10:10 · "&IF(MOD(WEEKDAY(A64,2),2)=1,"HLD","LLD")&IF(E64<=3," concepts"," design")&" 3:30 · Gen AI 5:30 · DSA 8:00 · "&IF(A64<DATE(2026,10,23),"DE practice exam",IF(A64=DATE(2026,10,23),"DATABRICKS EXAM DAY","Behavioral story + Gen AI hands-on"))&" · Review"))))) -> Buffer: revision, weak topics, mock interviews | J64: — | L64: — | M64: =IF(C64="Yes",0,COUNTIF(G64:L64,"Yes")) -> 0 | N64: =IF(C64="Yes",0,6-COUNTIF(G64:L64,"—")) -> 4
A65: 46369 | B65: Sun | D65: =IF(C65="Yes","",ROW()-1-COUNTIF($C$2:C65,"Yes")) -> 64 | E65: =IF(C65="Yes","",IF(D65>57,"Buffer",MIN(8,INT((D65-1)/7)+1))) -> Buffer | F65: =IF(C65="Yes","Day off: the plan shifts forward one day",IF(D65>57,"Buffer: revision, weak topics, mock interviews",IF(D65=1,"Kickoff: two pointers basics + 2 easy problems · HLD intro (client-server, scaling) · Set up NeetCode list and notes",IF(WEEKDAY(A65,2)=6,"Contest or timed mock · "&IF(E65<=3,"Revise 2 HLD concepts","2 full HLD designs")&" · Deep dive (Kafka, hashing...) · Gen AI catch-up",IF(WEEKDAY(A65,2)=7,"Re-solve the week’s hardest · "&IF(E65<=3,"Revise LLD concepts","1 LLD design")&" · Read mistakes log · Half day off","DSA 10:10 · "&IF(MOD(WEEKDAY(A65,2),2)=1,"HLD","LLD")&IF(E65<=3," concepts"," design")&" 3:30 · Gen AI 5:30 · DSA 8:00 · "&IF(A65<DATE(2026,10,23),"DE practice exam",IF(A65=DATE(2026,10,23),"DATABRICKS EXAM DAY","Behavioral story + Gen AI hands-on"))&" · Review"))))) -> Buffer: revision, weak topics, mock interviews | I65: — | J65: — | K65: — | M65: =IF(C65="Yes",0,COUNTIF(G65:L65,"Yes")) -> 0 | N65: =IF(C65="Yes",0,6-COUNTIF(G65:L65,"—")) -> 3
A66: 46370 | B66: Mon | D66: =IF(C66="Yes","",ROW()-1-COUNTIF($C$2:C66,"Yes")) -> 65 | E66: =IF(C66="Yes","",IF(D66>57,"Buffer",MIN(8,INT((D66-1)/7)+1))) -> Buffer | F66: =IF(C66="Yes","Day off: the plan shifts forward one day",IF(D66>57,"Buffer: revision, weak topics, mock interviews",IF(D66=1,"Kickoff: two pointers basics + 2 easy problems · HLD intro (client-server, scaling) · Set up NeetCode list and notes",IF(WEEKDAY(A66,2)=6,"Contest or timed mock · "&IF(E66<=3,"Revise 2 HLD concepts","2 full HLD designs")&" · Deep dive (Kafka, hashing...) · Gen AI catch-up",IF(WEEKDAY(A66,2)=7,"Re-solve the week’s hardest · "&IF(E66<=3,"Revise LLD concepts","1 LLD design")&" · Read mistakes log · Half day off","DSA 10:10 · "&IF(MOD(WEEKDAY(A66,2),2)=1,"HLD","LLD")&IF(E66<=3," concepts"," design")&" 3:30 · Gen AI 5:30 · DSA 8:00 · "&IF(A66<DATE(2026,10,23),"DE practice exam",IF(A66=DATE(2026,10,23),"DATABRICKS EXAM DAY","Behavioral story + Gen AI hands-on"))&" · Review"))))) -> Buffer: revision, weak topics, mock interviews | M66: =IF(C66="Yes",0,COUNTIF(G66:L66,"Yes")) -> 0 | N66: =IF(C66="Yes",0,6-COUNTIF(G66:L66,"—")) -> 6
A67: 46371 | B67: Tue | D67: =IF(C67="Yes","",ROW()-1-COUNTIF($C$2:C67,"Yes")) -> 66 | E67: =IF(C67="Yes","",IF(D67>57,"Buffer",MIN(8,INT((D67-1)/7)+1))) -> Buffer | F67: =IF(C67="Yes","Day off: the plan shifts forward one day",IF(D67>57,"Buffer: revision, weak topics, mock interviews",IF(D67=1,"Kickoff: two pointers basics + 2 easy problems · HLD intro (client-server, scaling) · Set up NeetCode list and notes",IF(WEEKDAY(A67,2)=6,"Contest or timed mock · "&IF(E67<=3,"Revise 2 HLD concepts","2 full HLD designs")&" · Deep dive (Kafka, hashing...) · Gen AI catch-up",IF(WEEKDAY(A67,2)=7,"Re-solve the week’s hardest · "&IF(E67<=3,"Revise LLD concepts","1 LLD design")&" · Read mistakes log · Half day off","DSA 10:10 · "&IF(MOD(WEEKDAY(A67,2),2)=1,"HLD","LLD")&IF(E67<=3," concepts"," design")&" 3:30 · Gen AI 5:30 · DSA 8:00 · "&IF(A67<DATE(2026,10,23),"DE practice exam",IF(A67=DATE(2026,10,23),"DATABRICKS EXAM DAY","Behavioral story + Gen AI hands-on"))&" · Review"))))) -> Buffer: revision, weak topics, mock interviews | M67: =IF(C67="Yes",0,COUNTIF(G67:L67,"Yes")) -> 0 | N67: =IF(C67="Yes",0,6-COUNTIF(G67:L67,"—")) -> 6
A68: 46372 | B68: Wed | D68: =IF(C68="Yes","",ROW()-1-COUNTIF($C$2:C68,"Yes")) -> 67 | E68: =IF(C68="Yes","",IF(D68>57,"Buffer",MIN(8,INT((D68-1)/7)+1))) -> Buffer | F68: =IF(C68="Yes","Day off: the plan shifts forward one day",IF(D68>57,"Buffer: revision, weak topics, mock interviews",IF(D68=1,"Kickoff: two pointers basics + 2 easy problems · HLD intro (client-server, scaling) · Set up NeetCode list and notes",IF(WEEKDAY(A68,2)=6,"Contest or timed mock · "&IF(E68<=3,"Revise 2 HLD concepts","2 full HLD designs")&" · Deep dive (Kafka, hashing...) · Gen AI catch-up",IF(WEEKDAY(A68,2)=7,"Re-solve the week’s hardest · "&IF(E68<=3,"Revise LLD concepts","1 LLD design")&" · Read mistakes log · Half day off","DSA 10:10 · "&IF(MOD(WEEKDAY(A68,2),2)=1,"HLD","LLD")&IF(E68<=3," concepts"," design")&" 3:30 · Gen AI 5:30 · DSA 8:00 · "&IF(A68<DATE(2026,10,23),"DE practice exam",IF(A68=DATE(2026,10,23),"DATABRICKS EXAM DAY","Behavioral story + Gen AI hands-on"))&" · Review"))))) -> Buffer: revision, weak topics, mock interviews | M68: =IF(C68="Yes",0,COUNTIF(G68:L68,"Yes")) -> 0 | N68: =IF(C68="Yes",0,6-COUNTIF(G68:L68,"—")) -> 6
A69: 46373 | B69: Thu | D69: =IF(C69="Yes","",ROW()-1-COUNTIF($C$2:C69,"Yes")) -> 68 | E69: =IF(C69="Yes","",IF(D69>57,"Buffer",MIN(8,INT((D69-1)/7)+1))) -> Buffer | F69: =IF(C69="Yes","Day off: the plan shifts forward one day",IF(D69>57,"Buffer: revision, weak topics, mock interviews",IF(D69=1,"Kickoff: two pointers basics + 2 easy problems · HLD intro (client-server, scaling) · Set up NeetCode list and notes",IF(WEEKDAY(A69,2)=6,"Contest or timed mock · "&IF(E69<=3,"Revise 2 HLD concepts","2 full HLD designs")&" · Deep dive (Kafka, hashing...) · Gen AI catch-up",IF(WEEKDAY(A69,2)=7,"Re-solve the week’s hardest · "&IF(E69<=3,"Revise LLD concepts","1 LLD design")&" · Read mistakes log · Half day off","DSA 10:10 · "&IF(MOD(WEEKDAY(A69,2),2)=1,"HLD","LLD")&IF(E69<=3," concepts"," design")&" 3:30 · Gen AI 5:30 · DSA 8:00 · "&IF(A69<DATE(2026,10,23),"DE practice exam",IF(A69=DATE(2026,10,23),"DATABRICKS EXAM DAY","Behavioral story + Gen AI hands-on"))&" · Review"))))) -> Buffer: revision, weak topics, mock interviews | M69: =IF(C69="Yes",0,COUNTIF(G69:L69,"Yes")) -> 0 | N69: =IF(C69="Yes",0,6-COUNTIF(G69:L69,"—")) -> 6
A70: 46374 | B70: Fri | D70: =IF(C70="Yes","",ROW()-1-COUNTIF($C$2:C70,"Yes")) -> 69 | E70: =IF(C70="Yes","",IF(D70>57,"Buffer",MIN(8,INT((D70-1)/7)+1))) -> Buffer | F70: =IF(C70="Yes","Day off: the plan shifts forward one day",IF(D70>57,"Buffer: revision, weak topics, mock interviews",IF(D70=1,"Kickoff: two pointers basics + 2 easy problems · HLD intro (client-server, scaling) · Set up NeetCode list and notes",IF(WEEKDAY(A70,2)=6,"Contest or timed mock · "&IF(E70<=3,"Revise 2 HLD concepts","2 full HLD designs")&" · Deep dive (Kafka, hashing...) · Gen AI catch-up",IF(WEEKDAY(A70,2)=7,"Re-solve the week’s hardest · "&IF(E70<=3,"Revise LLD concepts","1 LLD design")&" · Read mistakes log · Half day off","DSA 10:10 · "&IF(MOD(WEEKDAY(A70,2),2)=1,"HLD","LLD")&IF(E70<=3," concepts"," design")&" 3:30 · Gen AI 5:30 · DSA 8:00 · "&IF(A70<DATE(2026,10,23),"DE practice exam",IF(A70=DATE(2026,10,23),"DATABRICKS EXAM DAY","Behavioral story + Gen AI hands-on"))&" · Review"))))) -> Buffer: revision, weak topics, mock interviews | M70: =IF(C70="Yes",0,COUNTIF(G70:L70,"Yes")) -> 0 | N70: =IF(C70="Yes",0,6-COUNTIF(G70:L70,"—")) -> 6
A71: 46375 | B71: Sat | D71: =IF(C71="Yes","",ROW()-1-COUNTIF($C$2:C71,"Yes")) -> 70 | E71: =IF(C71="Yes","",IF(D71>57,"Buffer",MIN(8,INT((D71-1)/7)+1))) -> Buffer | F71: =IF(C71="Yes","Day off: the plan shifts forward one day",IF(D71>57,"Buffer: revision, weak topics, mock interviews",IF(D71=1,"Kickoff: two pointers basics + 2 easy problems · HLD intro (client-server, scaling) · Set up NeetCode list and notes",IF(WEEKDAY(A71,2)=6,"Contest or timed mock · "&IF(E71<=3,"Revise 2 HLD concepts","2 full HLD designs")&" · Deep dive (Kafka, hashing...) · Gen AI catch-up",IF(WEEKDAY(A71,2)=7,"Re-solve the week’s hardest · "&IF(E71<=3,"Revise LLD concepts","1 LLD design")&" · Read mistakes log · Half day off","DSA 10:10 · "&IF(MOD(WEEKDAY(A71,2),2)=1,"HLD","LLD")&IF(E71<=3," concepts"," design")&" 3:30 · Gen AI 5:30 · DSA 8:00 · "&IF(A71<DATE(2026,10,23),"DE practice exam",IF(A71=DATE(2026,10,23),"DATABRICKS EXAM DAY","Behavioral story + Gen AI hands-on"))&" · Review"))))) -> Buffer: revision, weak topics, mock interviews | J71: — | L71: — | M71: =IF(C71="Yes",0,COUNTIF(G71:L71,"Yes")) -> 0 | N71: =IF(C71="Yes",0,6-COUNTIF(G71:L71,"—")) -> 4
A72: 46376 | B72: Sun | D72: =IF(C72="Yes","",ROW()-1-COUNTIF($C$2:C72,"Yes")) -> 71 | E72: =IF(C72="Yes","",IF(D72>57,"Buffer",MIN(8,INT((D72-1)/7)+1))) -> Buffer | F72: =IF(C72="Yes","Day off: the plan shifts forward one day",IF(D72>57,"Buffer: revision, weak topics, mock interviews",IF(D72=1,"Kickoff: two pointers basics + 2 easy problems · HLD intro (client-server, scaling) · Set up NeetCode list and notes",IF(WEEKDAY(A72,2)=6,"Contest or timed mock · "&IF(E72<=3,"Revise 2 HLD concepts","2 full HLD designs")&" · Deep dive (Kafka, hashing...) · Gen AI catch-up",IF(WEEKDAY(A72,2)=7,"Re-solve the week’s hardest · "&IF(E72<=3,"Revise LLD concepts","1 LLD design")&" · Read mistakes log · Half day off","DSA 10:10 · "&IF(MOD(WEEKDAY(A72,2),2)=1,"HLD","LLD")&IF(E72<=3," concepts"," design")&" 3:30 · Gen AI 5:30 · DSA 8:00 · "&IF(A72<DATE(2026,10,23),"DE practice exam",IF(A72=DATE(2026,10,23),"DATABRICKS EXAM DAY","Behavioral story + Gen AI hands-on"))&" · Review"))))) -> Buffer: revision, weak topics, mock interviews | I72: — | J72: — | K72: — | M72: =IF(C72="Yes",0,COUNTIF(G72:L72,"Yes")) -> 0 | N72: =IF(C72="Yes",0,6-COUNTIF(G72:L72,"—")) -> 3
A73: 46377 | B73: Mon | D73: =IF(C73="Yes","",ROW()-1-COUNTIF($C$2:C73,"Yes")) -> 72 | E73: =IF(C73="Yes","",IF(D73>57,"Buffer",MIN(8,INT((D73-1)/7)+1))) -> Buffer | F73: =IF(C73="Yes","Day off: the plan shifts forward one day",IF(D73>57,"Buffer: revision, weak topics, mock interviews",IF(D73=1,"Kickoff: two pointers basics + 2 easy problems · HLD intro (client-server, scaling) · Set up NeetCode list and notes",IF(WEEKDAY(A73,2)=6,"Contest or timed mock · "&IF(E73<=3,"Revise 2 HLD concepts","2 full HLD designs")&" · Deep dive (Kafka, hashing...) · Gen AI catch-up",IF(WEEKDAY(A73,2)=7,"Re-solve the week’s hardest · "&IF(E73<=3,"Revise LLD concepts","1 LLD design")&" · Read mistakes log · Half day off","DSA 10:10 · "&IF(MOD(WEEKDAY(A73,2),2)=1,"HLD","LLD")&IF(E73<=3," concepts"," design")&" 3:30 · Gen AI 5:30 · DSA 8:00 · "&IF(A73<DATE(2026,10,23),"DE practice exam",IF(A73=DATE(2026,10,23),"DATABRICKS EXAM DAY","Behavioral story + Gen AI hands-on"))&" · Review"))))) -> Buffer: revision, weak topics, mock interviews | M73: =IF(C73="Yes",0,COUNTIF(G73:L73,"Yes")) -> 0 | N73: =IF(C73="Yes",0,6-COUNTIF(G73:L73,"—")) -> 6
A74: 46378 | B74: Tue | D74: =IF(C74="Yes","",ROW()-1-COUNTIF($C$2:C74,"Yes")) -> 73 | E74: =IF(C74="Yes","",IF(D74>57,"Buffer",MIN(8,INT((D74-1)/7)+1))) -> Buffer | F74: =IF(C74="Yes","Day off: the plan shifts forward one day",IF(D74>57,"Buffer: revision, weak topics, mock interviews",IF(D74=1,"Kickoff: two pointers basics + 2 easy problems · HLD intro (client-server, scaling) · Set up NeetCode list and notes",IF(WEEKDAY(A74,2)=6,"Contest or timed mock · "&IF(E74<=3,"Revise 2 HLD concepts","2 full HLD designs")&" · Deep dive (Kafka, hashing...) · Gen AI catch-up",IF(WEEKDAY(A74,2)=7,"Re-solve the week’s hardest · "&IF(E74<=3,"Revise LLD concepts","1 LLD design")&" · Read mistakes log · Half day off","DSA 10:10 · "&IF(MOD(WEEKDAY(A74,2),2)=1,"HLD","LLD")&IF(E74<=3," concepts"," design")&" 3:30 · Gen AI 5:30 · DSA 8:00 · "&IF(A74<DATE(2026,10,23),"DE practice exam",IF(A74=DATE(2026,10,23),"DATABRICKS EXAM DAY","Behavioral story + Gen AI hands-on"))&" · Review"))))) -> Buffer: revision, weak topics, mock interviews | M74: =IF(C74="Yes",0,COUNTIF(G74:L74,"Yes")) -> 0 | N74: =IF(C74="Yes",0,6-COUNTIF(G74:L74,"—")) -> 6
A75: 46379 | B75: Wed | D75: =IF(C75="Yes","",ROW()-1-COUNTIF($C$2:C75,"Yes")) -> 74 | E75: =IF(C75="Yes","",IF(D75>57,"Buffer",MIN(8,INT((D75-1)/7)+1))) -> Buffer | F75: =IF(C75="Yes","Day off: the plan shifts forward one day",IF(D75>57,"Buffer: revision, weak topics, mock interviews",IF(D75=1,"Kickoff: two pointers basics + 2 easy problems · HLD intro (client-server, scaling) · Set up NeetCode list and notes",IF(WEEKDAY(A75,2)=6,"Contest or timed mock · "&IF(E75<=3,"Revise 2 HLD concepts","2 full HLD designs")&" · Deep dive (Kafka, hashing...) · Gen AI catch-up",IF(WEEKDAY(A75,2)=7,"Re-solve the week’s hardest · "&IF(E75<=3,"Revise LLD concepts","1 LLD design")&" · Read mistakes log · Half day off","DSA 10:10 · "&IF(MOD(WEEKDAY(A75,2),2)=1,"HLD","LLD")&IF(E75<=3," concepts"," design")&" 3:30 · Gen AI 5:30 · DSA 8:00 · "&IF(A75<DATE(2026,10,23),"DE practice exam",IF(A75=DATE(2026,10,23),"DATABRICKS EXAM DAY","Behavioral story + Gen AI hands-on"))&" · Review"))))) -> Buffer: revision, weak topics, mock interviews | M75: =IF(C75="Yes",0,COUNTIF(G75:L75,"Yes")) -> 0 | N75: =IF(C75="Yes",0,6-COUNTIF(G75:L75,"—")) -> 6
A76: 46380 | B76: Thu | D76: =IF(C76="Yes","",ROW()-1-COUNTIF($C$2:C76,"Yes")) -> 75 | E76: =IF(C76="Yes","",IF(D76>57,"Buffer",MIN(8,INT((D76-1)/7)+1))) -> Buffer | F76: =IF(C76="Yes","Day off: the plan shifts forward one day",IF(D76>57,"Buffer: revision, weak topics, mock interviews",IF(D76=1,"Kickoff: two pointers basics + 2 easy problems · HLD intro (client-server, scaling) · Set up NeetCode list and notes",IF(WEEKDAY(A76,2)=6,"Contest or timed mock · "&IF(E76<=3,"Revise 2 HLD concepts","2 full HLD designs")&" · Deep dive (Kafka, hashing...) · Gen AI catch-up",IF(WEEKDAY(A76,2)=7,"Re-solve the week’s hardest · "&IF(E76<=3,"Revise LLD concepts","1 LLD design")&" · Read mistakes log · Half day off","DSA 10:10 · "&IF(MOD(WEEKDAY(A76,2),2)=1,"HLD","LLD")&IF(E76<=3," concepts"," design")&" 3:30 · Gen AI 5:30 · DSA 8:00 · "&IF(A76<DATE(2026,10,23),"DE practice exam",IF(A76=DATE(2026,10,23),"DATABRICKS EXAM DAY","Behavioral story + Gen AI hands-on"))&" · Review"))))) -> Buffer: revision, weak topics, mock interviews | M76: =IF(C76="Yes",0,COUNTIF(G76:L76,"Yes")) -> 0 | N76: =IF(C76="Yes",0,6-COUNTIF(G76:L76,"—")) -> 6
A77: 46381 | B77: Fri | D77: =IF(C77="Yes","",ROW()-1-COUNTIF($C$2:C77,"Yes")) -> 76 | E77: =IF(C77="Yes","",IF(D77>57,"Buffer",MIN(8,INT((D77-1)/7)+1))) -> Buffer | F77: =IF(C77="Yes","Day off: the plan shifts forward one day",IF(D77>57,"Buffer: revision, weak topics, mock interviews",IF(D77=1,"Kickoff: two pointers basics + 2 easy problems · HLD intro (client-server, scaling) · Set up NeetCode list and notes",IF(WEEKDAY(A77,2)=6,"Contest or timed mock · "&IF(E77<=3,"Revise 2 HLD concepts","2 full HLD designs")&" · Deep dive (Kafka, hashing...) · Gen AI catch-up",IF(WEEKDAY(A77,2)=7,"Re-solve the week’s hardest · "&IF(E77<=3,"Revise LLD concepts","1 LLD design")&" · Read mistakes log · Half day off","DSA 10:10 · "&IF(MOD(WEEKDAY(A77,2),2)=1,"HLD","LLD")&IF(E77<=3," concepts"," design")&" 3:30 · Gen AI 5:30 · DSA 8:00 · "&IF(A77<DATE(2026,10,23),"DE practice exam",IF(A77=DATE(2026,10,23),"DATABRICKS EXAM DAY","Behavioral story + Gen AI hands-on"))&" · Review"))))) -> Buffer: revision, weak topics, mock interviews | M77: =IF(C77="Yes",0,COUNTIF(G77:L77,"Yes")) -> 0 | N77: =IF(C77="Yes",0,6-COUNTIF(G77:L77,"—")) -> 6
A78: 46382 | B78: Sat | D78: =IF(C78="Yes","",ROW()-1-COUNTIF($C$2:C78,"Yes")) -> 77 | E78: =IF(C78="Yes","",IF(D78>57,"Buffer",MIN(8,INT((D78-1)/7)+1))) -> Buffer | F78: =IF(C78="Yes","Day off: the plan shifts forward one day",IF(D78>57,"Buffer: revision, weak topics, mock interviews",IF(D78=1,"Kickoff: two pointers basics + 2 easy problems · HLD intro (client-server, scaling) · Set up NeetCode list and notes",IF(WEEKDAY(A78,2)=6,"Contest or timed mock · "&IF(E78<=3,"Revise 2 HLD concepts","2 full HLD designs")&" · Deep dive (Kafka, hashing...) · Gen AI catch-up",IF(WEEKDAY(A78,2)=7,"Re-solve the week’s hardest · "&IF(E78<=3,"Revise LLD concepts","1 LLD design")&" · Read mistakes log · Half day off","DSA 10:10 · "&IF(MOD(WEEKDAY(A78,2),2)=1,"HLD","LLD")&IF(E78<=3," concepts"," design")&" 3:30 · Gen AI 5:30 · DSA 8:00 · "&IF(A78<DATE(2026,10,23),"DE practice exam",IF(A78=DATE(2026,10,23),"DATABRICKS EXAM DAY","Behavioral story + Gen AI hands-on"))&" · Review"))))) -> Buffer: revision, weak topics, mock interviews | J78: — | L78: — | M78: =IF(C78="Yes",0,COUNTIF(G78:L78,"Yes")) -> 0 | N78: =IF(C78="Yes",0,6-COUNTIF(G78:L78,"—")) -> 4
A79: 46383 | B79: Sun | D79: =IF(C79="Yes","",ROW()-1-COUNTIF($C$2:C79,"Yes")) -> 78 | E79: =IF(C79="Yes","",IF(D79>57,"Buffer",MIN(8,INT((D79-1)/7)+1))) -> Buffer | F79: =IF(C79="Yes","Day off: the plan shifts forward one day",IF(D79>57,"Buffer: revision, weak topics, mock interviews",IF(D79=1,"Kickoff: two pointers basics + 2 easy problems · HLD intro (client-server, scaling) · Set up NeetCode list and notes",IF(WEEKDAY(A79,2)=6,"Contest or timed mock · "&IF(E79<=3,"Revise 2 HLD concepts","2 full HLD designs")&" · Deep dive (Kafka, hashing...) · Gen AI catch-up",IF(WEEKDAY(A79,2)=7,"Re-solve the week’s hardest · "&IF(E79<=3,"Revise LLD concepts","1 LLD design")&" · Read mistakes log · Half day off","DSA 10:10 · "&IF(MOD(WEEKDAY(A79,2),2)=1,"HLD","LLD")&IF(E79<=3," concepts"," design")&" 3:30 · Gen AI 5:30 · DSA 8:00 · "&IF(A79<DATE(2026,10,23),"DE practice exam",IF(A79=DATE(2026,10,23),"DATABRICKS EXAM DAY","Behavioral story + Gen AI hands-on"))&" · Review"))))) -> Buffer: revision, weak topics, mock interviews | I79: — | J79: — | K79: — | M79: =IF(C79="Yes",0,COUNTIF(G79:L79,"Yes")) -> 0 | N79: =IF(C79="Yes",0,6-COUNTIF(G79:L79,"—")) -> 3
A80: 46384 | B80: Mon | D80: =IF(C80="Yes","",ROW()-1-COUNTIF($C$2:C80,"Yes")) -> 79 | E80: =IF(C80="Yes","",IF(D80>57,"Buffer",MIN(8,INT((D80-1)/7)+1))) -> Buffer | F80: =IF(C80="Yes","Day off: the plan shifts forward one day",IF(D80>57,"Buffer: revision, weak topics, mock interviews",IF(D80=1,"Kickoff: two pointers basics + 2 easy problems · HLD intro (client-server, scaling) · Set up NeetCode list and notes",IF(WEEKDAY(A80,2)=6,"Contest or timed mock · "&IF(E80<=3,"Revise 2 HLD concepts","2 full HLD designs")&" · Deep dive (Kafka, hashing...) · Gen AI catch-up",IF(WEEKDAY(A80,2)=7,"Re-solve the week’s hardest · "&IF(E80<=3,"Revise LLD concepts","1 LLD design")&" · Read mistakes log · Half day off","DSA 10:10 · "&IF(MOD(WEEKDAY(A80,2),2)=1,"HLD","LLD")&IF(E80<=3," concepts"," design")&" 3:30 · Gen AI 5:30 · DSA 8:00 · "&IF(A80<DATE(2026,10,23),"DE practice exam",IF(A80=DATE(2026,10,23),"DATABRICKS EXAM DAY","Behavioral story + Gen AI hands-on"))&" · Review"))))) -> Buffer: revision, weak topics, mock interviews | M80: =IF(C80="Yes",0,COUNTIF(G80:L80,"Yes")) -> 0 | N80: =IF(C80="Yes",0,6-COUNTIF(G80:L80,"—")) -> 6
A81: 46385 | B81: Tue | D81: =IF(C81="Yes","",ROW()-1-COUNTIF($C$2:C81,"Yes")) -> 80 | E81: =IF(C81="Yes","",IF(D81>57,"Buffer",MIN(8,INT((D81-1)/7)+1))) -> Buffer | F81: =IF(C81="Yes","Day off: the plan shifts forward one day",IF(D81>57,"Buffer: revision, weak topics, mock interviews",IF(D81=1,"Kickoff: two pointers basics + 2 easy problems · HLD intro (client-server, scaling) · Set up NeetCode list and notes",IF(WEEKDAY(A81,2)=6,"Contest or timed mock · "&IF(E81<=3,"Revise 2 HLD concepts","2 full HLD designs")&" · Deep dive (Kafka, hashing...) · Gen AI catch-up",IF(WEEKDAY(A81,2)=7,"Re-solve the week’s hardest · "&IF(E81<=3,"Revise LLD concepts","1 LLD design")&" · Read mistakes log · Half day off","DSA 10:10 · "&IF(MOD(WEEKDAY(A81,2),2)=1,"HLD","LLD")&IF(E81<=3," concepts"," design")&" 3:30 · Gen AI 5:30 · DSA 8:00 · "&IF(A81<DATE(2026,10,23),"DE practice exam",IF(A81=DATE(2026,10,23),"DATABRICKS EXAM DAY","Behavioral story + Gen AI hands-on"))&" · Review"))))) -> Buffer: revision, weak topics, mock interviews | M81: =IF(C81="Yes",0,COUNTIF(G81:L81,"Yes")) -> 0 | N81: =IF(C81="Yes",0,6-COUNTIF(G81:L81,"—")) -> 6
A82: 46386 | B82: Wed | D82: =IF(C82="Yes","",ROW()-1-COUNTIF($C$2:C82,"Yes")) -> 81 | E82: =IF(C82="Yes","",IF(D82>57,"Buffer",MIN(8,INT((D82-1)/7)+1))) -> Buffer | F82: =IF(C82="Yes","Day off: the plan shifts forward one day",IF(D82>57,"Buffer: revision, weak topics, mock interviews",IF(D82=1,"Kickoff: two pointers basics + 2 easy problems · HLD intro (client-server, scaling) · Set up NeetCode list and notes",IF(WEEKDAY(A82,2)=6,"Contest or timed mock · "&IF(E82<=3,"Revise 2 HLD concepts","2 full HLD designs")&" · Deep dive (Kafka, hashing...) · Gen AI catch-up",IF(WEEKDAY(A82,2)=7,"Re-solve the week’s hardest · "&IF(E82<=3,"Revise LLD concepts","1 LLD design")&" · Read mistakes log · Half day off","DSA 10:10 · "&IF(MOD(WEEKDAY(A82,2),2)=1,"HLD","LLD")&IF(E82<=3," concepts"," design")&" 3:30 · Gen AI 5:30 · DSA 8:00 · "&IF(A82<DATE(2026,10,23),"DE practice exam",IF(A82=DATE(2026,10,23),"DATABRICKS EXAM DAY","Behavioral story + Gen AI hands-on"))&" · Review"))))) -> Buffer: revision, weak topics, mock interviews | M82: =IF(C82="Yes",0,COUNTIF(G82:L82,"Yes")) -> 0 | N82: =IF(C82="Yes",0,6-COUNTIF(G82:L82,"—")) -> 6
A83: 46387 | B83: Thu | D83: =IF(C83="Yes","",ROW()-1-COUNTIF($C$2:C83,"Yes")) -> 82 | E83: =IF(C83="Yes","",IF(D83>57,"Buffer",MIN(8,INT((D83-1)/7)+1))) -> Buffer | F83: =IF(C83="Yes","Day off: the plan shifts forward one day",IF(D83>57,"Buffer: revision, weak topics, mock interviews",IF(D83=1,"Kickoff: two pointers basics + 2 easy problems · HLD intro (client-server, scaling) · Set up NeetCode list and notes",IF(WEEKDAY(A83,2)=6,"Contest or timed mock · "&IF(E83<=3,"Revise 2 HLD concepts","2 full HLD designs")&" · Deep dive (Kafka, hashing...) · Gen AI catch-up",IF(WEEKDAY(A83,2)=7,"Re-solve the week’s hardest · "&IF(E83<=3,"Revise LLD concepts","1 LLD design")&" · Read mistakes log · Half day off","DSA 10:10 · "&IF(MOD(WEEKDAY(A83,2),2)=1,"HLD","LLD")&IF(E83<=3," concepts"," design")&" 3:30 · Gen AI 5:30 · DSA 8:00 · "&IF(A83<DATE(2026,10,23),"DE practice exam",IF(A83=DATE(2026,10,23),"DATABRICKS EXAM DAY","Behavioral story + Gen AI hands-on"))&" · Review"))))) -> Buffer: revision, weak topics, mock interviews | M83: =IF(C83="Yes",0,COUNTIF(G83:L83,"Yes")) -> 0 | N83: =IF(C83="Yes",0,6-COUNTIF(G83:L83,"—")) -> 6
A84: 46388 | B84: Fri | D84: =IF(C84="Yes","",ROW()-1-COUNTIF($C$2:C84,"Yes")) -> 83 | E84: =IF(C84="Yes","",IF(D84>57,"Buffer",MIN(8,INT((D84-1)/7)+1))) -> Buffer | F84: =IF(C84="Yes","Day off: the plan shifts forward one day",IF(D84>57,"Buffer: revision, weak topics, mock interviews",IF(D84=1,"Kickoff: two pointers basics + 2 easy problems · HLD intro (client-server, scaling) · Set up NeetCode list and notes",IF(WEEKDAY(A84,2)=6,"Contest or timed mock · "&IF(E84<=3,"Revise 2 HLD concepts","2 full HLD designs")&" · Deep dive (Kafka, hashing...) · Gen AI catch-up",IF(WEEKDAY(A84,2)=7,"Re-solve the week’s hardest · "&IF(E84<=3,"Revise LLD concepts","1 LLD design")&" · Read mistakes log · Half day off","DSA 10:10 · "&IF(MOD(WEEKDAY(A84,2),2)=1,"HLD","LLD")&IF(E84<=3," concepts"," design")&" 3:30 · Gen AI 5:30 · DSA 8:00 · "&IF(A84<DATE(2026,10,23),"DE practice exam",IF(A84=DATE(2026,10,23),"DATABRICKS EXAM DAY","Behavioral story + Gen AI hands-on"))&" · Review"))))) -> Buffer: revision, weak topics, mock interviews | M84: =IF(C84="Yes",0,COUNTIF(G84:L84,"Yes")) -> 0 | N84: =IF(C84="Yes",0,6-COUNTIF(G84:L84,"—")) -> 6
A85: 46389 | B85: Sat | D85: =IF(C85="Yes","",ROW()-1-COUNTIF($C$2:C85,"Yes")) -> 84 | E85: =IF(C85="Yes","",IF(D85>57,"Buffer",MIN(8,INT((D85-1)/7)+1))) -> Buffer | F85: =IF(C85="Yes","Day off: the plan shifts forward one day",IF(D85>57,"Buffer: revision, weak topics, mock interviews",IF(D85=1,"Kickoff: two pointers basics + 2 easy problems · HLD intro (client-server, scaling) · Set up NeetCode list and notes",IF(WEEKDAY(A85,2)=6,"Contest or timed mock · "&IF(E85<=3,"Revise 2 HLD concepts","2 full HLD designs")&" · Deep dive (Kafka, hashing...) · Gen AI catch-up",IF(WEEKDAY(A85,2)=7,"Re-solve the week’s hardest · "&IF(E85<=3,"Revise LLD concepts","1 LLD design")&" · Read mistakes log · Half day off","DSA 10:10 · "&IF(MOD(WEEKDAY(A85,2),2)=1,"HLD","LLD")&IF(E85<=3," concepts"," design")&" 3:30 · Gen AI 5:30 · DSA 8:00 · "&IF(A85<DATE(2026,10,23),"DE practice exam",IF(A85=DATE(2026,10,23),"DATABRICKS EXAM DAY","Behavioral story + Gen AI hands-on"))&" · Review"))))) -> Buffer: revision, weak topics, mock interviews | J85: — | L85: — | M85: =IF(C85="Yes",0,COUNTIF(G85:L85,"Yes")) -> 0 | N85: =IF(C85="Yes",0,6-COUNTIF(G85:L85,"—")) -> 4
A86: 46390 | B86: Sun | D86: =IF(C86="Yes","",ROW()-1-COUNTIF($C$2:C86,"Yes")) -> 85 | E86: =IF(C86="Yes","",IF(D86>57,"Buffer",MIN(8,INT((D86-1)/7)+1))) -> Buffer | F86: =IF(C86="Yes","Day off: the plan shifts forward one day",IF(D86>57,"Buffer: revision, weak topics, mock interviews",IF(D86=1,"Kickoff: two pointers basics + 2 easy problems · HLD intro (client-server, scaling) · Set up NeetCode list and notes",IF(WEEKDAY(A86,2)=6,"Contest or timed mock · "&IF(E86<=3,"Revise 2 HLD concepts","2 full HLD designs")&" · Deep dive (Kafka, hashing...) · Gen AI catch-up",IF(WEEKDAY(A86,2)=7,"Re-solve the week’s hardest · "&IF(E86<=3,"Revise LLD concepts","1 LLD design")&" · Read mistakes log · Half day off","DSA 10:10 · "&IF(MOD(WEEKDAY(A86,2),2)=1,"HLD","LLD")&IF(E86<=3," concepts"," design")&" 3:30 · Gen AI 5:30 · DSA 8:00 · "&IF(A86<DATE(2026,10,23),"DE practice exam",IF(A86=DATE(2026,10,23),"DATABRICKS EXAM DAY","Behavioral story + Gen AI hands-on"))&" · Review"))))) -> Buffer: revision, weak topics, mock interviews | I86: — | J86: — | K86: — | M86: =IF(C86="Yes",0,COUNTIF(G86:L86,"Yes")) -> 0 | N86: =IF(C86="Yes",0,6-COUNTIF(G86:L86,"—")) -> 3
A87: 46391 | B87: Mon | D87: =IF(C87="Yes","",ROW()-1-COUNTIF($C$2:C87,"Yes")) -> 86 | E87: =IF(C87="Yes","",IF(D87>57,"Buffer",MIN(8,INT((D87-1)/7)+1))) -> Buffer | F87: =IF(C87="Yes","Day off: the plan shifts forward one day",IF(D87>57,"Buffer: revision, weak topics, mock interviews",IF(D87=1,"Kickoff: two pointers basics + 2 easy problems · HLD intro (client-server, scaling) · Set up NeetCode list and notes",IF(WEEKDAY(A87,2)=6,"Contest or timed mock · "&IF(E87<=3,"Revise 2 HLD concepts","2 full HLD designs")&" · Deep dive (Kafka, hashing...) · Gen AI catch-up",IF(WEEKDAY(A87,2)=7,"Re-solve the week’s hardest · "&IF(E87<=3,"Revise LLD concepts","1 LLD design")&" · Read mistakes log · Half day off","DSA 10:10 · "&IF(MOD(WEEKDAY(A87,2),2)=1,"HLD","LLD")&IF(E87<=3," concepts"," design")&" 3:30 · Gen AI 5:30 · DSA 8:00 · "&IF(A87<DATE(2026,10,23),"DE practice exam",IF(A87=DATE(2026,10,23),"DATABRICKS EXAM DAY","Behavioral story + Gen AI hands-on"))&" · Review"))))) -> Buffer: revision, weak topics, mock interviews | M87: =IF(C87="Yes",0,COUNTIF(G87:L87,"Yes")) -> 0 | N87: =IF(C87="Yes",0,6-COUNTIF(G87:L87,"—")) -> 6
A88: 46392 | B88: Tue | D88: =IF(C88="Yes","",ROW()-1-COUNTIF($C$2:C88,"Yes")) -> 87 | E88: =IF(C88="Yes","",IF(D88>57,"Buffer",MIN(8,INT((D88-1)/7)+1))) -> Buffer | F88: =IF(C88="Yes","Day off: the plan shifts forward one day",IF(D88>57,"Buffer: revision, weak topics, mock interviews",IF(D88=1,"Kickoff: two pointers basics + 2 easy problems · HLD intro (client-server, scaling) · Set up NeetCode list and notes",IF(WEEKDAY(A88,2)=6,"Contest or timed mock · "&IF(E88<=3,"Revise 2 HLD concepts","2 full HLD designs")&" · Deep dive (Kafka, hashing...) · Gen AI catch-up",IF(WEEKDAY(A88,2)=7,"Re-solve the week’s hardest · "&IF(E88<=3,"Revise LLD concepts","1 LLD design")&" · Read mistakes log · Half day off","DSA 10:10 · "&IF(MOD(WEEKDAY(A88,2),2)=1,"HLD","LLD")&IF(E88<=3," concepts"," design")&" 3:30 · Gen AI 5:30 · DSA 8:00 · "&IF(A88<DATE(2026,10,23),"DE practice exam",IF(A88=DATE(2026,10,23),"DATABRICKS EXAM DAY","Behavioral story + Gen AI hands-on"))&" · Review"))))) -> Buffer: revision, weak topics, mock interviews | M88: =IF(C88="Yes",0,COUNTIF(G88:L88,"Yes")) -> 0 | N88: =IF(C88="Yes",0,6-COUNTIF(G88:L88,"—")) -> 6
A89: 46393 | B89: Wed | D89: =IF(C89="Yes","",ROW()-1-COUNTIF($C$2:C89,"Yes")) -> 88 | E89: =IF(C89="Yes","",IF(D89>57,"Buffer",MIN(8,INT((D89-1)/7)+1))) -> Buffer | F89: =IF(C89="Yes","Day off: the plan shifts forward one day",IF(D89>57,"Buffer: revision, weak topics, mock interviews",IF(D89=1,"Kickoff: two pointers basics + 2 easy problems · HLD intro (client-server, scaling) · Set up NeetCode list and notes",IF(WEEKDAY(A89,2)=6,"Contest or timed mock · "&IF(E89<=3,"Revise 2 HLD concepts","2 full HLD designs")&" · Deep dive (Kafka, hashing...) · Gen AI catch-up",IF(WEEKDAY(A89,2)=7,"Re-solve the week’s hardest · "&IF(E89<=3,"Revise LLD concepts","1 LLD design")&" · Read mistakes log · Half day off","DSA 10:10 · "&IF(MOD(WEEKDAY(A89,2),2)=1,"HLD","LLD")&IF(E89<=3," concepts"," design")&" 3:30 · Gen AI 5:30 · DSA 8:00 · "&IF(A89<DATE(2026,10,23),"DE practice exam",IF(A89=DATE(2026,10,23),"DATABRICKS EXAM DAY","Behavioral story + Gen AI hands-on"))&" · Review"))))) -> Buffer: revision, weak topics, mock interviews | M89: =IF(C89="Yes",0,COUNTIF(G89:L89,"Yes")) -> 0 | N89: =IF(C89="Yes",0,6-COUNTIF(G89:L89,"—")) -> 6
A90: 46394 | B90: Thu | D90: =IF(C90="Yes","",ROW()-1-COUNTIF($C$2:C90,"Yes")) -> 89 | E90: =IF(C90="Yes","",IF(D90>57,"Buffer",MIN(8,INT((D90-1)/7)+1))) -> Buffer | F90: =IF(C90="Yes","Day off: the plan shifts forward one day",IF(D90>57,"Buffer: revision, weak topics, mock interviews",IF(D90=1,"Kickoff: two pointers basics + 2 easy problems · HLD intro (client-server, scaling) · Set up NeetCode list and notes",IF(WEEKDAY(A90,2)=6,"Contest or timed mock · "&IF(E90<=3,"Revise 2 HLD concepts","2 full HLD designs")&" · Deep dive (Kafka, hashing...) · Gen AI catch-up",IF(WEEKDAY(A90,2)=7,"Re-solve the week’s hardest · "&IF(E90<=3,"Revise LLD concepts","1 LLD design")&" · Read mistakes log · Half day off","DSA 10:10 · "&IF(MOD(WEEKDAY(A90,2),2)=1,"HLD","LLD")&IF(E90<=3," concepts"," design")&" 3:30 · Gen AI 5:30 · DSA 8:00 · "&IF(A90<DATE(2026,10,23),"DE practice exam",IF(A90=DATE(2026,10,23),"DATABRICKS EXAM DAY","Behavioral story + Gen AI hands-on"))&" · Review"))))) -> Buffer: revision, weak topics, mock interviews | M90: =IF(C90="Yes",0,COUNTIF(G90:L90,"Yes")) -> 0 | N90: =IF(C90="Yes",0,6-COUNTIF(G90:L90,"—")) -> 6
A91: 46395 | B91: Fri | D91: =IF(C91="Yes","",ROW()-1-COUNTIF($C$2:C91,"Yes")) -> 90 | E91: =IF(C91="Yes","",IF(D91>57,"Buffer",MIN(8,INT((D91-1)/7)+1))) -> Buffer | F91: =IF(C91="Yes","Day off: the plan shifts forward one day",IF(D91>57,"Buffer: revision, weak topics, mock interviews",IF(D91=1,"Kickoff: two pointers basics + 2 easy problems · HLD intro (client-server, scaling) · Set up NeetCode list and notes",IF(WEEKDAY(A91,2)=6,"Contest or timed mock · "&IF(E91<=3,"Revise 2 HLD concepts","2 full HLD designs")&" · Deep dive (Kafka, hashing...) · Gen AI catch-up",IF(WEEKDAY(A91,2)=7,"Re-solve the week’s hardest · "&IF(E91<=3,"Revise LLD concepts","1 LLD design")&" · Read mistakes log · Half day off","DSA 10:10 · "&IF(MOD(WEEKDAY(A91,2),2)=1,"HLD","LLD")&IF(E91<=3," concepts"," design")&" 3:30 · Gen AI 5:30 · DSA 8:00 · "&IF(A91<DATE(2026,10,23),"DE practice exam",IF(A91=DATE(2026,10,23),"DATABRICKS EXAM DAY","Behavioral story + Gen AI hands-on"))&" · Review"))))) -> Buffer: revision, weak topics, mock interviews | M91: =IF(C91="Yes",0,COUNTIF(G91:L91,"Yes")) -> 0 | N91: =IF(C91="Yes",0,6-COUNTIF(G91:L91,"—")) -> 6
A92: 46396 | B92: Sat | D92: =IF(C92="Yes","",ROW()-1-COUNTIF($C$2:C92,"Yes")) -> 91 | E92: =IF(C92="Yes","",IF(D92>57,"Buffer",MIN(8,INT((D92-1)/7)+1))) -> Buffer | F92: =IF(C92="Yes","Day off: the plan shifts forward one day",IF(D92>57,"Buffer: revision, weak topics, mock interviews",IF(D92=1,"Kickoff: two pointers basics + 2 easy problems · HLD intro (client-server, scaling) · Set up NeetCode list and notes",IF(WEEKDAY(A92,2)=6,"Contest or timed mock · "&IF(E92<=3,"Revise 2 HLD concepts","2 full HLD designs")&" · Deep dive (Kafka, hashing...) · Gen AI catch-up",IF(WEEKDAY(A92,2)=7,"Re-solve the week’s hardest · "&IF(E92<=3,"Revise LLD concepts","1 LLD design")&" · Read mistakes log · Half day off","DSA 10:10 · "&IF(MOD(WEEKDAY(A92,2),2)=1,"HLD","LLD")&IF(E92<=3," concepts"," design")&" 3:30 · Gen AI 5:30 · DSA 8:00 · "&IF(A92<DATE(2026,10,23),"DE practice exam",IF(A92=DATE(2026,10,23),"DATABRICKS EXAM DAY","Behavioral story + Gen AI hands-on"))&" · Review"))))) -> Buffer: revision, weak topics, mock interviews | J92: — | L92: — | M92: =IF(C92="Yes",0,COUNTIF(G92:L92,"Yes")) -> 0 | N92: =IF(C92="Yes",0,6-COUNTIF(G92:L92,"—")) -> 4
A93: 46397 | B93: Sun | D93: =IF(C93="Yes","",ROW()-1-COUNTIF($C$2:C93,"Yes")) -> 92 | E93: =IF(C93="Yes","",IF(D93>57,"Buffer",MIN(8,INT((D93-1)/7)+1))) -> Buffer | F93: =IF(C93="Yes","Day off: the plan shifts forward one day",IF(D93>57,"Buffer: revision, weak topics, mock interviews",IF(D93=1,"Kickoff: two pointers basics + 2 easy problems · HLD intro (client-server, scaling) · Set up NeetCode list and notes",IF(WEEKDAY(A93,2)=6,"Contest or timed mock · "&IF(E93<=3,"Revise 2 HLD concepts","2 full HLD designs")&" · Deep dive (Kafka, hashing...) · Gen AI catch-up",IF(WEEKDAY(A93,2)=7,"Re-solve the week’s hardest · "&IF(E93<=3,"Revise LLD concepts","1 LLD design")&" · Read mistakes log · Half day off","DSA 10:10 · "&IF(MOD(WEEKDAY(A93,2),2)=1,"HLD","LLD")&IF(E93<=3," concepts"," design")&" 3:30 · Gen AI 5:30 · DSA 8:00 · "&IF(A93<DATE(2026,10,23),"DE practice exam",IF(A93=DATE(2026,10,23),"DATABRICKS EXAM DAY","Behavioral story + Gen AI hands-on"))&" · Review"))))) -> Buffer: revision, weak topics, mock interviews | I93: — | J93: — | K93: — | M93: =IF(C93="Yes",0,COUNTIF(G93:L93,"Yes")) -> 0 | N93: =IF(C93="Yes",0,6-COUNTIF(G93:L93,"—")) -> 3

Sheet DSA Problems
A1: # | B1: Topic | C1: When | D1: Problem (NeetCode) | E1: LeetCode | F1: Difficulty | G1: List | H1: Status | I1: Date solved | J1: Revised | K1: Notes
A2: 1 | B2: Arrays & Hashing | C2: Week 1 (quick pass) | D2: Contains Duplicate | E2: Open | F2: Easy | G2: NeetCode 150 | H2: Not started
A3: 2 | B3: Arrays & Hashing | C3: Week 1 (quick pass) | D3: Valid Anagram | E3: Open | F3: Easy | G3: NeetCode 150 | H3: Not started
A4: 3 | B4: Arrays & Hashing | C4: Week 1 (quick pass) | D4: Two Sum | E4: Open | F4: Easy | G4: NeetCode 150 | H4: Not started
A5: 4 | B5: Arrays & Hashing | C5: Week 1 (quick pass) | D5: Group Anagrams | E5: Open | F5: Medium | G5: NeetCode 150 | H5: Not started
A6: 5 | B6: Arrays & Hashing | C6: Week 1 (quick pass) | D6: Top K Frequent Elements | E6: Open | F6: Medium | G6: NeetCode 150 | H6: Not started
A7: 6 | B7: Arrays & Hashing | C7: Week 1 (quick pass) | D7: Encode and Decode Strings | E7: Open | F7: Medium | G7: NeetCode 150 | H7: Not started
A8: 7 | B8: Arrays & Hashing | C8: Week 1 (quick pass) | D8: Product of Array Except Self | E8: Open | F8: Medium | G8: NeetCode 150 | H8: Not started
A9: 8 | B9: Arrays & Hashing | C9: Week 1 (quick pass) | D9: Valid Sudoku | E9: Open | F9: Medium | G9: NeetCode 150 | H9: Not started
A10: 9 | B10: Arrays & Hashing | C10: Week 1 (quick pass) | D10: Longest Consecutive Sequence | E10: Open | F10: Medium | G10: NeetCode 150 | H10: Not started
A11: 10 | B11: Arrays & Hashing | C11: Week 1 (quick pass) | D11: Concatenation of Array | E11: Open | F11: Easy | G11: Stretch (250) | H11: Not started
A12: 11 | B12: Arrays & Hashing | C12: Week 1 (quick pass) | D12: Longest Common Prefix | E12: Open | F12: Easy | G12: Stretch (250) | H12: Not started
A13: 12 | B13: Arrays & Hashing | C13: Week 1 (quick pass) | D13: Remove Element | E13: Open | F13: Easy | G13: Stretch (250) | H13: Not started
... A251: 250 | B251: Bit Manipulation | C251: Week 8 or stretch | D251: Minimum Array End | E251: Open | F251: Medium | G251: Stretch (250) | H251: Not started

Sheet Weekly Plan
A1: Week | B1: Dates (auto) | C1: Area | D1: Topic | E1: Type | F1: Done | G1: Notes
A2: 1 | B2: =TEXT(INDEX('Daily Log'!$A$2:$A$93,MATCH(1,'Daily Log'!$D$2:$D$93,0)),"d mmm")&" – "&TEXT(INDEX('Daily Log'!$A$2:$A$93,MATCH(7,'Daily Log'!$D$2:$D$93,0)),"d mmm") -> 11 Oct – 17 Oct | C2: DSA | D2: Arrays & Hashing: quick pass of the 9 core problems | E2: Practice
A3: 1 | B3: =TEXT(INDEX('Daily Log'!$A$2:$A$93,MATCH(1,'Daily Log'!$D$2:$D$93,0)),"d mmm")&" – "&TEXT(INDEX('Daily Log'!$A$2:$A$93,MATCH(7,'Daily Log'!$D$2:$D$93,0)),"d mmm") -> 11 Oct – 17 Oct | C3: DSA | D3: Two pointers | E3: Practice
A4: 1 | B4: =TEXT(INDEX('Daily Log'!$A$2:$A$93,MATCH(1,'Daily Log'!$D$2:$D$93,0)),"d mmm")&" – "&TEXT(INDEX('Daily Log'!$A$2:$A$93,MATCH(7,'Daily Log'!$D$2:$D$93,0)),"d mmm") -> 11 Oct – 17 Oct | C4: DSA | D4: Sliding window | E4: Practice
A5: 1 | B5: =TEXT(INDEX('Daily Log'!$A$2:$A$93,MATCH(1,'Daily Log'!$D$2:$D$93,0)),"d mmm")&" – "&TEXT(INDEX('Daily Log'!$A$2:$A$93,MATCH(7,'Daily Log'!$D$2:$D$93,0)),"d mmm") -> 11 Oct – 17 Oct | C5: DSA | D5: Stack | E5: Practice
A6: 1 | B6: =TEXT(INDEX('Daily Log'!$A$2:$A$93,MATCH(1,'Daily Log'!$D$2:$D$93,0)),"d mmm")&" – "&TEXT(INDEX('Daily Log'!$A$2:$A$93,MATCH(7,'Daily Log'!$D$2:$D$93,0)),"d mmm") -> 11 Oct – 17 Oct | C6: HLD | D6: Client-server, vertical vs horizontal scaling | E6: Concept
A7: 1 | B7: =TEXT(INDEX('Daily Log'!$A$2:$A$93,MATCH(1,'Daily Log'!$D$2:$D$93,0)),"d mmm")&" – "&TEXT(INDEX('Daily Log'!$A$2:$A$93,MATCH(7,'Daily Log'!$D$2:$D$93,0)),"d mmm") -> 11 Oct – 17 Oct | C7: HLD | D7: Load balancers, DNS, CDN | E7: Concept
A8: 1 | B8: =TEXT(INDEX('Daily Log'!$A$2:$A$93,MATCH(1,'Daily Log'!$D$2:$D$93,0)),"d mmm")&" – "&TEXT(INDEX('Daily Log'!$A$2:$A$93,MATCH(7,'Daily Log'!$D$2:$D$93,0)),"d mmm") -> 11 Oct – 17 Oct | C8: LLD | D8: OOP pillars: encapsulation, inheritance, polymorphism, abstraction | E8: Concept
A9: 1 | B9: =TEXT(INDEX('Daily Log'!$A$2:$A$93,MATCH(1,'Daily Log'!$D$2:$D$93,0)),"d mmm")&" – "&TEXT(INDEX('Daily Log'!$A$2:$A$93,MATCH(7,'Daily Log'!$D$2:$D$93,0)),"d mmm") -> 11 Oct – 17 Oct | C9: LLD | D9: SOLID principles | E9: Concept
A10: 2 | B10: =TEXT(INDEX('Daily Log'!$A$2:$A$93,MATCH(8,'Daily Log'!$D$2:$D$93,0)),"d mmm")&" – "&TEXT(INDEX('Daily Log'!$A$2:$A$93,MATCH(14,'Daily Log'!$D$2:$D$93,0)),"d mmm") -> 18 Oct – 24 Oct | C10: DSA | D10: Binary search | E10: Practice
A11: 2 | B11: =TEXT(INDEX('Daily Log'!$A$2:$A$93,MATCH(8,'Daily Log'!$D$2:$D$93,0)),"d mmm")&" – "&TEXT(INDEX('Daily Log'!$A$2:$A$93,MATCH(14,'Daily Log'!$D$2:$D$93,0)),"d mmm") -> 18 Oct – 24 Oct | C11: DSA | D11: Linked list | E11: Practice
A12: 2 | B12: =TEXT(INDEX('Daily Log'!$A$2:$A$93,MATCH(8,'Daily Log'!$D$2:$D$93,0)),"d mmm")&" – "&TEXT(INDEX('Daily Log'!$A$2:$A$93,MATCH(14,'Daily Log'!$D$2:$D$93,0)),"d mmm") -> 18 Oct – 24 Oct | C12: HLD | D12: SQL vs NoSQL, indexing | E12: Concept
A13: 2 | B13: =TEXT(INDEX('Daily Log'!$A$2:$A$93,MATCH(8,'Daily Log'!$D$2:$D$93,0)),"d mmm")&" – "&TEXT(INDEX('Daily Log'!$A$2:$A$93,MATCH(14,'Daily Log'!$D$2:$D$93,0)),"d mmm") -> 18 Oct – 24 Oct | C13: HLD | D13: Replication and sharding | E13: Concept
A14: 2 | B14: =TEXT(INDEX('Daily Log'!$A$2:$A$93,MATCH(8,'Daily Log'!$D$2:$D$93,0)),"d mmm")&" – "&TEXT(INDEX('Daily Log'!$A$2:$A$93,MATCH(14,'Daily Log'!$D$2:$D$93,0)),"d mmm") -> 18 Oct – 24 Oct | C14: LLD | D14: Class diagrams and relationships (composition, aggregation) | E14: Concept
A15: 2 | B15: =TEXT(INDEX('Daily Log'!$A$2:$A$93,MATCH(8,'Daily Log'!$D$2:$D$93,0)),"d mmm")&" – "&TEXT(INDEX('Daily Log'!$A$2:$A$93,MATCH(14,'Daily Log'!$D$2:$D$93,0)),"d mmm") -> 18 Oct – 24 Oct | C15: LLD | D15: Creational patterns: singleton, factory, builder | E15: Concept
A16: 3 | B16: =TEXT(INDEX('Daily Log'!$A$2:$A$93,MATCH(15,'Daily Log'!$D$2:$D$93,0)),"d mmm")&" – "&TEXT(INDEX('Daily Log'!$A$2:$A$93,MATCH(21,'Daily Log'!$D$2:$D$93,0)),"d mmm") -> 25 Oct – 31 Oct | C16: DSA | D16: Trees: traversals and DFS | E16: Practice
A17: 3 | B17: =TEXT(INDEX('Daily Log'!$A$2:$A$93,MATCH(15,'Daily Log'!$D$2:$D$93,0)),"d mmm")&" – "&TEXT(INDEX('Daily Log'!$A$2:$A$93,MATCH(21,'Daily Log'!$D$2:$D$93,0)),"d mmm") -> 25 Oct – 31 Oct | C17: DSA | D17: Trees: BFS and BST problems | E17: Practice
A18: 3 | B18: =TEXT(INDEX('Daily Log'!$A$2:$A$93,MATCH(15,'Daily Log'!$D$2:$D$93,0)),"d mmm")&" – "&TEXT(INDEX('Daily Log'!$A$2:$A$93,MATCH(21,'Daily Log'!$D$2:$D$93,0)),"d mmm") -> 25 Oct – 31 Oct | C18: HLD | D18: Caching and cache eviction | E18: Concept
A19: 3 | B19: =TEXT(INDEX('Daily Log'!$A$2:$A$93,MATCH(15,'Daily Log'!$D$2:$D$93,0)),"d mmm")&" – "&TEXT(INDEX('Daily Log'!$A$2:$A$93,MATCH(21,'Daily Log'!$D$2:$D$93,0)),"d mmm") -> 25 Oct – 31 Oct | C19: HLD | D19: Message queues and async processing | E19: Concept
A20: 3 | B20: =TEXT(INDEX('Daily Log'!$A$2:$A$93,MATCH(15,'Daily Log'!$D$2:$D$93,0)),"d mmm")&" – "&TEXT(INDEX('Daily Log'!$A$2:$A$93,MATCH(21,'Daily Log'!$D$2:$D$93,0)),"d mmm") -> 25 Oct – 31 Oct | C20: HLD | D20: CAP theorem and consistency models | E20: Concept
A21: 3 | B21: =TEXT(INDEX('Daily Log'!$A$2:$A$93,MATCH(15,'Daily Log'!$D$2:$D$93,0)),"d mmm")&" – "&TEXT(INDEX('Daily Log'!$A$2:$A$93,MATCH(21,'Daily Log'!$D$2:$D$93,0)),"d mmm") -> 25 Oct – 31 Oct | C21: LLD | D21: Structural patterns: adapter, decorator, facade | E21: Concept
A22: 3 | B22: =TEXT(INDEX('Daily Log'!$A$2:$A$93,MATCH(15,'Daily Log'!$D$2:$D$93,0)),"d mmm")&" – "&TEXT(INDEX('Daily Log'!$A$2:$A$93,MATCH(21,'Daily Log'!$D$2:$D$93,0)),"d mmm") -> 25 Oct – 31 Oct | C22: LLD | D22: Behavioral patterns: strategy, observer, state | E22: Concept
A23: 4 | B23: =TEXT(INDEX('Daily Log'!$A$2:$A$93,MATCH(22,'Daily Log'!$D$2:$D$93,0)),"d mmm")&" – "&TEXT(INDEX('Daily Log'!$A$2:$A$93,MATCH(28,'Daily Log'!$D$2:$D$93,0)),"d mmm") -> 1 Nov – 7 Nov | C23: DSA | D23: Heaps | E23: Practice
A24: 4 | B24: =TEXT(INDEX('Daily Log'!$A$2:$A$93,MATCH(22,'Daily Log'!$D$2:$D$93,0)),"d mmm")&" – "&TEXT(INDEX('Daily Log'!$A$2:$A$93,MATCH(28,'Daily Log'!$D$2:$D$93,0)),"d mmm") -> 1 Nov – 7 Nov | C24: DSA | D24: Tries | E24: Practice
A25: 4 | B25: =TEXT(INDEX('Daily Log'!$A$2:$A$93,MATCH(22,'Daily Log'!$D$2:$D$93,0)),"d mmm")&" – "&TEXT(INDEX('Daily Log'!$A$2:$A$93,MATCH(28,'Daily Log'!$D$2:$D$93,0)),"d mmm") -> 1 Nov – 7 Nov | C25: DSA | D25: Backtracking | E25: Practice
A26: 4 | B26: =TEXT(INDEX('Daily Log'!$A$2:$A$93,MATCH(22,'Daily Log'!$D$2:$D$93,0)),"d mmm")&" – "&TEXT(INDEX('Daily Log'!$A$2:$A$93,MATCH(28,'Daily Log'!$D$2:$D$93,0)),"d mmm") -> 1 Nov – 7 Nov | C26: HLD | D26: API design, consistent hashing, estimation | E26: Concept
A27: 4 | B27: =TEXT(INDEX('Daily Log'!$A$2:$A$93,MATCH(22,'Daily Log'!$D$2:$D$93,0)),"d mmm")&" – "&TEXT(INDEX('Daily Log'!$A$2:$A$93,MATCH(28,'Daily Log'!$D$2:$D$93,0)),"d mmm") -> 1 Nov – 7 Nov | C27: HLD | D27: Design: URL shortener | E27: Design
A28: 4 | B28: =TEXT(INDEX('Daily Log'!$A$2:$A$93,MATCH(22,'Daily Log'!$D$2:$D$93,0)),"d mmm")&" – "&TEXT(INDEX('Daily Log'!$A$2:$A$93,MATCH(28,'Daily Log'!$D$2:$D$93,0)),"d mmm") -> 1 Nov – 7 Nov | C28: LLD | D28: Design: parking lot | E28: Design
A29: 5 | B29: =TEXT(INDEX('Daily Log'!$A$2:$A$93,MATCH(29,'Daily Log'!$D$2:$D$93,0)),"d mmm")&" – "&TEXT(INDEX('Daily Log'!$A$2:$A$93,MATCH(35,'Daily Log'!$D$2:$D$93,0)),"d mmm") -> 8 Nov – 14 Nov | C29: DSA | D29: Graphs: BFS and DFS | E29: Practice
A30: 5 | B30: =TEXT(INDEX('Daily Log'!$A$2:$A$93,MATCH(29,'Daily Log'!$D$2:$D$93,0)),"d mmm")&" – "&TEXT(INDEX('Daily Log'!$A$2:$A$93,MATCH(35,'Daily Log'!$D$2:$D$93,0)),"d mmm") -> 8 Nov – 14 Nov | C30: DSA | D30: Topological sort | E30: Practice
A31: 5 | B31: =TEXT(INDEX('Daily Log'!$A$2:$A$93,MATCH(29,'Daily Log'!$D$2:$D$93,0)),"d mmm")&" – "&TEXT(INDEX('Daily Log'!$A$2:$A$93,MATCH(35,'Daily Log'!$D$2:$D$93,0)),"d mmm") -> 8 Nov – 14 Nov | C31: DSA | D31: Union-find | E31: Practice
A32: 5 | B32: =TEXT(INDEX('Daily Log'!$A$2:$A$93,MATCH(29,'Daily Log'!$D$2:$D$93,0)),"d mmm")&" – "&TEXT(INDEX('Daily Log'!$A$2:$A$93,MATCH(35,'Daily Log'!$D$2:$D$93,0)),"d mmm") -> 8 Nov – 14 Nov | C32: HLD | D32: Design: rate limiter | E32: Design
A33: 5 | B33: =TEXT(INDEX('Daily Log'!$A$2:$A$93,MATCH(29,'Daily Log'!$D$2:$D$93,0)),"d mmm")&" – "&TEXT(INDEX('Daily Log'!$A$2:$A$93,MATCH(35,'Daily Log'!$D$2:$D$93,0)),"d mmm") -> 8 Nov – 14 Nov | C33: HLD | D33: Design: chat app | E33: Design
A34: 5 | B34: =TEXT(INDEX('Daily Log'!$A$2:$A$93,MATCH(29,'Daily Log'!$D$2:$D$93,0)),"d mmm")&" – "&TEXT(INDEX('Daily Log'!$A$2:$A$93,MATCH(35,'Daily Log'!$D$2:$D$93,0)),"d mmm") -> 8 Nov – 14 Nov | C34: LLD | D34: Design: Splitwise | E34: Design
A35: 5 | B35: =TEXT(INDEX('Daily Log'!$A$2:$A$93,MATCH(29,'Daily Log'!$D$2:$D$93,0)),"d mmm")&" – "&TEXT(INDEX('Daily Log'!$A$2:$A$93,MATCH(35,'Daily Log'!$D$2:$D$93,0)),"d mmm") -> 8 Nov – 14 Nov | C35: LLD | D35: Design: LRU cache | E35: Design
A36: 6 | B36: =TEXT(INDEX('Daily Log'!$A$2:$A$93,MATCH(36,'Daily Log'!$D$2:$D$93,0)),"d mmm")&" – "&TEXT(INDEX('Daily Log'!$A$2:$A$93,MATCH(42,'Daily Log'!$D$2:$D$93,0)),"d mmm") -> 15 Nov – 21 Nov | C36: DSA | D36: 1D DP | E36: Practice
A37: 6 | B37: =TEXT(INDEX('Daily Log'!$A$2:$A$93,MATCH(36,'Daily Log'!$D$2:$D$93,0)),"d mmm")&" – "&TEXT(INDEX('Daily Log'!$A$2:$A$93,MATCH(42,'Daily Log'!$D$2:$D$93,0)),"d mmm") -> 15 Nov – 21 Nov | C37: HLD | D37: Design: news feed | E37: Design
A38: 6 | B38: =TEXT(INDEX('Daily Log'!$A$2:$A$93,MATCH(36,'Daily Log'!$D$2:$D$93,0)),"d mmm")&" – "&TEXT(INDEX('Daily Log'!$A$2:$A$93,MATCH(42,'Daily Log'!$D$2:$D$93,0)),"d mmm") -> 15 Nov – 21 Nov | C38: HLD | D38: Design: notification system | E38: Design
A39: 6 | B39: =TEXT(INDEX('Daily Log'!$A$2:$A$93,MATCH(36,'Daily Log'!$D$2:$D$93,0)),"d mmm")&" – "&TEXT(INDEX('Daily Log'!$A$2:$A$93,MATCH(42,'Daily Log'!$D$2:$D$93,0)),"d mmm") -> 15 Nov – 21 Nov | C39: LLD | D39: Design: elevator | E39: Design
A40: 6 | B40: =TEXT(INDEX('Daily Log'!$A$2:$A$93,MATCH(36,'Daily Log'!$D$2:$D$93,0)),"d mmm")&" – "&TEXT(INDEX('Daily Log'!$A$2:$A$93,MATCH(42,'Daily Log'!$D$2:$D$93,0)),"d mmm") -> 15 Nov – 21 Nov | C40: LLD | D40: Design: BookMyShow | E40: Design
A41: 7 | B41: =TEXT(INDEX('Daily Log'!$A$2:$A$93,MATCH(43,'Daily Log'!$D$2:$D$93,0)),"d mmm")&" – "&TEXT(INDEX('Daily Log'!$A$2:$A$93,MATCH(49,'Daily Log'!$D$2:$D$93,0)),"d mmm") -> 22 Nov – 28 Nov | C41: DSA | D41: 2D DP | E41: Practice
A42: 7 | B42: =TEXT(INDEX('Daily Log'!$A$2:$A$93,MATCH(43,'Daily Log'!$D$2:$D$93,0)),"d mmm")&" – "&TEXT(INDEX('Daily Log'!$A$2:$A$93,MATCH(49,'Daily Log'!$D$2:$D$93,0)),"d mmm") -> 22 Nov – 28 Nov | C42: DSA | D42: Greedy | E42: Practice
A43: 7 | B43: =TEXT(INDEX('Daily Log'!$A$2:$A$93,MATCH(43,'Daily Log'!$D$2:$D$93,0)),"d mmm")&" – "&TEXT(INDEX('Daily Log'!$A$2:$A$93,MATCH(49,'Daily Log'!$D$2:$D$93,0)),"d mmm") -> 22 Nov – 28 Nov | C43: DSA | D43: Intervals | E43: Practice
A44: 7 | B44: =TEXT(INDEX('Daily Log'!$A$2:$A$93,MATCH(43,'Daily Log'!$D$2:$D$93,0)),"d mmm")&" – "&TEXT(INDEX('Daily Log'!$A$2:$A$93,MATCH(49,'Daily Log'!$D$2:$D$93,0)),"d mmm") -> 22 Nov – 28 Nov | C44: HLD | D44: Design: YouTube or Netflix | E44: Design
A45: 7 | B45: =TEXT(INDEX('Daily Log'!$A$2:$A$93,MATCH(43,'Daily Log'!$D$2:$D$93,0)),"d mmm")&" – "&TEXT(INDEX('Daily Log'!$A$2:$A$93,MATCH(49,'Daily Log'!$D$2:$D$93,0)),"d mmm") -> 22 Nov – 28 Nov | C45: HLD | D45: Design: Uber | E45: Design
A46: 7 | B46: =TEXT(INDEX('Daily Log'!$A$2:$A$93,MATCH(43,'Daily Log'!$D$2:$D$93,0)),"d mmm")&" – "&TEXT(INDEX('Daily Log'!$A$2:$A$93,MATCH(49,'Daily Log'!$D$2:$D$93,0)),"d mmm") -> 22 Nov – 28 Nov | C46: HLD | D46: Design: payment system | E46: Design
A47: 7 | B47: =TEXT(INDEX('Daily Log'!$A$2:$A$93,MATCH(43,'Daily Log'!$D$2:$D$93,0)),"d mmm")&" – "&TEXT(INDEX('Daily Log'!$A$2:$A$93,MATCH(49,'Daily Log'!$D$2:$D$93,0)),"d mmm") -> 22 Nov – 28 Nov | C47: LLD | D47: Design: vending machine | E47: Design
A48: 7 | B48: =TEXT(INDEX('Daily Log'!$A$2:$A$93,MATCH(43,'Daily Log'!$D$2:$D$93,0)),"d mmm")&" – "&TEXT(INDEX('Daily Log'!$A$2:$A$93,MATCH(49,'Daily Log'!$D$2:$D$93,0)),"d mmm") -> 22 Nov – 28 Nov | C48: LLD | D48: Design: library system | E48: Design
A49: 8 | B49: =TEXT(INDEX('Daily Log'!$A$2:$A$93,MATCH(50,'Daily Log'!$D$2:$D$93,0)),"d mmm")&" – "&TEXT(INDEX('Daily Log'!$A$2:$A$93,MATCH(56,'Daily Log'!$D$2:$D$93,0)),"d mmm") -> 29 Nov – 5 Dec | C49: DSA | D49: Revise weak topics | E49: Practice
A50: 8 | B50: =TEXT(INDEX('Daily Log'!$A$2:$A$93,MATCH(50,'Daily Log'!$D$2:$D$93,0)),"d mmm")&" – "&TEXT(INDEX('Daily Log'!$A$2:$A$93,MATCH(56,'Daily Log'!$D$2:$D$93,0)),"d mmm") -> 29 Nov – 5 Dec | C50: DSA | D50: Mock interview 1 | E50: Practice
A51: 8 | B51: =TEXT(INDEX('Daily Log'!$A$2:$A$93,MATCH(50,'Daily Log'!$D$2:$D$93,0)),"d mmm")&" – "&TEXT(INDEX('Daily Log'!$A$2:$A$93,MATCH(56,'Daily Log'!$D$2:$D$93,0)),"d mmm") -> 29 Nov – 5 Dec | C51: DSA | D51: Mock interview 2 | E51: Practice
A52: 8 | B52: =TEXT(INDEX('Daily Log'!$A$2:$A$93,MATCH(50,'Daily Log'!$D$2:$D$93,0)),"d mmm")&" – "&TEXT(INDEX('Daily Log'!$A$2:$A$93,MATCH(56,'Daily Log'!$D$2:$D$93,0)),"d mmm") -> 29 Nov – 5 Dec | C52: DSA | D52: Mock interview 3 | E52: Practice
A53: 8 | B53: =TEXT(INDEX('Daily Log'!$A$2:$A$93,MATCH(50,'Daily Log'!$D$2:$D$93,0)),"d mmm")&" – "&TEXT(INDEX('Daily Log'!$A$2:$A$93,MATCH(56,'Daily Log'!$D$2:$D$93,0)),"d mmm") -> 29 Nov – 5 Dec | C53: HLD | D53: Timed redo of 3 designs | E53: Design
A54: 8 | B54: =TEXT(INDEX('Daily Log'!$A$2:$A$93,MATCH(50,'Daily Log'!$D$2:$D$93,0)),"d mmm")&" – "&TEXT(INDEX('Daily Log'!$A$2:$A$93,MATCH(56,'Daily Log'!$D$2:$D$93,0)),"d mmm") -> 29 Nov – 5 Dec | C54: LLD | D54: Timed redo of 2 designs | E54: Design

Sheet Milestones
A1: Date (auto) | B1: Milestone | C1: Done
A2: 23 Oct | B2: Databricks Data Engineer Associate exam
A3: ="By "&TEXT(INDEX('Daily Log'!$A$2:$A$93,MATCH(28,'Daily Log'!$D$2:$D$93,0)),"d mmm") -> By 7 Nov | B3: Finish Krish Naik Gen AI course
A4: ="Around "&TEXT(INDEX('Daily Log'!$A$2:$A$93,MATCH(38,'Daily Log'!$D$2:$D$93,0)),"d mmm") -> Around 17 Nov | B4: Apply and contact recruiters
A5: ="Around "&TEXT(INDEX('Daily Log'!$A$2:$A$93,MATCH(48,'Daily Log'!$D$2:$D$93,0)),"d mmm") -> Around 27 Nov | B5: Warm-up interview at another company
A6: ="From "&TEXT(INDEX('Daily Log'!$A$2:$A$93,MATCH(52,'Daily Log'!$D$2:$D$93,0)),"d mmm") -> From 1 Dec | B6: Amazon and Microsoft interviews
A7: After interviews | B7: Databricks Gen AI certification
A8: =TEXT(INDEX('Daily Log'!$A$2:$A$93,MATCH(21,'Daily Log'!$D$2:$D$93,0)),"d mmm") -> 31 Oct | B8: Checkpoint: easy problems and some tree mediums feel doable
A9: =TEXT(INDEX('Daily Log'!$A$2:$A$93,MATCH(35,'Daily Log'!$D$2:$D$93,0)),"d mmm") -> 14 Nov | B9: Checkpoint: graph or tree medium in 30–35 minutes
A10: =TEXT(INDEX('Daily Log'!$A$2:$A$93,MATCH(49,'Daily Log'!$D$2:$D$93,0)),"d mmm") -> 28 Nov | B10: Checkpoint: 45-minute mock with 2 mediums, explaining out loud
A12: Theme | B12: Story (one line) | C12: Written
A13: Ownership
A14: Deliver results under pressure
A15: Conflict with a teammate
A16: Disagree and commit
A17: Failure and what you learned
A18: Dive deep into a production issue
A19: Customer obsession
A20: Invent and simplify
A21: Mentoring or raising the bar
A22: Ambiguous problem you owned
A23: Bias for action
A24: Learn and be curious
